[
{
  "model": "barbers.barber",
  "pk": 7,
  "fields": {
    "user": null,
    "display_name": "Артём",
    "level": "Шкипер",
    "experience_months": 17,
    "avatar": "barbers/7phfsMk6Vh15_e_imSN3RNDIT_1LLjeTTFK1lU1ayxVykax3lwP_qqOEgP8x4BTVD0VfEovqwQjREykpr4jIiObn.jpg",
    "bio": "",
    "is_available": true
  }
},
{
  "model": "barbers.barber",
  "pk": 8,
  "fields": {
    "user": null,
    "display_name": "Марк",
    "level": "Шкипер",
    "experience_months": 26,
    "avatar": "barbers/ctaEXHEOmaIUlRWedpWT7GH0mrNrCJ4VbxYCvgbMr8LknOyRtotL1K9LzX3ea13Ca91wb2FQKBmwy2uw_RX5QXxz.jpg",
    "bio": "",
    "is_available": true
  }
},
{
  "model": "barbers.barber",
  "pk": 9,
  "fields": {
    "user": null,
    "display_name": "Денис",
    "level": "Капитан",
    "experience_months": 58,
    "avatar": "barbers/yq7TmINtrCK5bzMx9p5J6w28Z2fpOF-qKvafH8rq0cE6DzSM3652KF7rs3Frjuhfx6HMMs-LPkkf1CAc_89iEMlC.jpg",
    "bio": "",
    "is_available": true
  }
},
{
  "model": "barbers.barber",
  "pk": 10,
  "fields": {
    "user": null,
    "display_name": "Влад",
    "level": "Шкипер",
    "experience_months": 21,
    "avatar": "barbers/_YkHt3hpA58dirWRcPiTARVKPk09y943ktKJ11UrRHNB_78ndWSErDRhmdfNa-vPO6tlwnFnFslYgNx3_B6QNJhP.jpg",
    "bio": "",
    "is_available": true
  }
},
{
  "model": "barbers.barber",
  "pk": 11,
  "fields": {
    "user": null,
    "display_name": "Ян",
    "level": "Матрос",
    "experience_months": 8,
    "avatar": "barbers/GHUAhydNXzipJBADEldBHZU_lyTAaAQkG7JE8_Oz9FxRaSdjB_-MPptght0TE9HOR_wyu6myI7ZTure8_eM95F4t.jpg",
    "bio": "",
    "is_available": true
  }
},
{
  "model": "barbers.timeslot",
  "pk": 62,
  "fields": {
    "barber": 11,
    "date": "2026-06-15",
    "time": "15:00:00",
    "is_booked": false
  }
},
{
  "model": "barbers.timeslot",
  "pk": 63,
  "fields": {
    "barber": 11,
    "date": "2026-06-15",
    "time": "16:00:00",
    "is_booked": false
  }
},
{
  "model": "barbers.timeslot",
  "pk": 64,
  "fields": {
    "barber": 11,
    "date": "2026-06-15",
    "time": "15:30:00",
    "is_booked": false
  }
},
{
  "model": "barbers.timeslot",
  "pk": 65,
  "fields": {
    "barber": 11,
    "date": "2026-06-15",
    "time": "16:30:00",
    "is_booked": false
  }
},
{
  "model": "barbers.timeslot",
  "pk": 66,
  "fields": {
    "barber": 11,
    "date": "2026-06-15",
    "time": "17:00:00",
    "is_booked": false
  }
},
{
  "model": "barbers.timeslot",
  "pk": 67,
  "fields": {
    "barber": 11,
    "date": "2026-06-15",
    "time": "18:00:00",
    "is_booked": false
  }
},
{
  "model": "barbers.timeslot",
  "pk": 68,
  "fields": {
    "barber": 11,
    "date": "2026-06-15",
    "time": "18:30:00",
    "is_booked": false
  }
},
{
  "model": "barbers.timeslot",
  "pk": 69,
  "fields": {
    "barber": 11,
    "date": "2026-06-15",
    "time": "19:00:00",
    "is_booked": false
  }
},
{
  "model": "barbers.timeslot",
  "pk": 70,
  "fields": {
    "barber": 11,
    "date": "2026-06-15",
    "time": "19:30:00",
    "is_booked": false
  }
},
{
  "model": "barbers.timeslot",
  "pk": 71,
  "fields": {
    "barber": 11,
    "date": "2026-06-16",
    "time": "13:00:00",
    "is_booked": false
  }
},
{
  "model": "barbers.timeslot",
  "pk": 72,
  "fields": {
    "barber": 11,
    "date": "2026-06-16",
    "time": "18:00:00",
    "is_booked": false
  }
},
{
  "model": "barbers.timeslot",
  "pk": 73,
  "fields": {
    "barber": 11,
    "date": "2026-06-16",
    "time": "10:30:00",
    "is_booked": false
  }
},
{
  "model": "barbers.timeslot",
  "pk": 74,
  "fields": {
    "barber": 11,
    "date": "2026-06-16",
    "time": "19:00:00",
    "is_booked": false
  }
},
{
  "model": "barbers.timeslot",
  "pk": 75,
  "fields": {
    "barber": 11,
    "date": "2026-06-16",
    "time": "10:00:00",
    "is_booked": false
  }
},
{
  "model": "barbers.timeslot",
  "pk": 76,
  "fields": {
    "barber": 11,
    "date": "2026-06-18",
    "time": "18:00:00",
    "is_booked": false
  }
},
{
  "model": "barbers.timeslot",
  "pk": 77,
  "fields": {
    "barber": 11,
    "date": "2026-06-18",
    "time": "19:00:00",
    "is_booked": false
  }
},
{
  "model": "barbers.timeslot",
  "pk": 78,
  "fields": {
    "barber": 11,
    "date": "2026-06-18",
    "time": "19:30:00",
    "is_booked": false
  }
},
{
  "model": "barbers.timeslot",
  "pk": 79,
  "fields": {
    "barber": 11,
    "date": "2026-06-18",
    "time": "10:00:00",
    "is_booked": false
  }
},
{
  "model": "barbers.timeslot",
  "pk": 80,
  "fields": {
    "barber": 11,
    "date": "2026-06-18",
    "time": "12:00:00",
    "is_booked": false
  }
},
{
  "model": "barbers.timeslot",
  "pk": 81,
  "fields": {
    "barber": 11,
    "date": "2026-06-18",
    "time": "15:00:00",
    "is_booked": false
  }
},
{
  "model": "barbers.timeslot",
  "pk": 82,
  "fields": {
    "barber": 11,
    "date": "2026-06-18",
    "time": "11:30:00",
    "is_booked": false
  }
},
{
  "model": "barbers.timeslot",
  "pk": 83,
  "fields": {
    "barber": 11,
    "date": "2026-06-18",
    "time": "16:30:00",
    "is_booked": false
  }
},
{
  "model": "barbers.timeslot",
  "pk": 84,
  "fields": {
    "barber": 11,
    "date": "2026-06-19",
    "time": "12:00:00",
    "is_booked": false
  }
},
{
  "model": "barbers.timeslot",
  "pk": 85,
  "fields": {
    "barber": 11,
    "date": "2026-06-19",
    "time": "13:00:00",
    "is_booked": false
  }
},
{
  "model": "barbers.timeslot",
  "pk": 86,
  "fields": {
    "barber": 11,
    "date": "2026-06-19",
    "time": "10:00:00",
    "is_booked": false
  }
},
{
  "model": "barbers.timeslot",
  "pk": 87,
  "fields": {
    "barber": 11,
    "date": "2026-06-19",
    "time": "11:00:00",
    "is_booked": false
  }
},
{
  "model": "barbers.timeslot",
  "pk": 88,
  "fields": {
    "barber": 11,
    "date": "2026-06-19",
    "time": "14:00:00",
    "is_booked": false
  }
},
{
  "model": "barbers.timeslot",
  "pk": 89,
  "fields": {
    "barber": 11,
    "date": "2026-06-19",
    "time": "14:30:00",
    "is_booked": false
  }
},
{
  "model": "barbers.timeslot",
  "pk": 90,
  "fields": {
    "barber": 11,
    "date": "2026-06-19",
    "time": "18:00:00",
    "is_booked": false
  }
},
{
  "model": "barbers.timeslot",
  "pk": 91,
  "fields": {
    "barber": 11,
    "date": "2026-06-25",
    "time": "11:00:00",
    "is_booked": false
  }
},
{
  "model": "barbers.timeslot",
  "pk": 92,
  "fields": {
    "barber": 11,
    "date": "2026-06-25",
    "time": "10:00:00",
    "is_booked": false
  }
},
{
  "model": "barbers.timeslot",
  "pk": 93,
  "fields": {
    "barber": 11,
    "date": "2026-06-25",
    "time": "12:00:00",
    "is_booked": false
  }
},
{
  "model": "barbers.timeslot",
  "pk": 94,
  "fields": {
    "barber": 11,
    "date": "2026-06-25",
    "time": "15:00:00",
    "is_booked": false
  }
},
{
  "model": "barbers.timeslot",
  "pk": 95,
  "fields": {
    "barber": 11,
    "date": "2026-06-25",
    "time": "16:30:00",
    "is_booked": false
  }
},
{
  "model": "barbers.timeslot",
  "pk": 96,
  "fields": {
    "barber": 11,
    "date": "2026-06-25",
    "time": "14:00:00",
    "is_booked": false
  }
},
{
  "model": "barbers.timeslot",
  "pk": 97,
  "fields": {
    "barber": 11,
    "date": "2026-06-23",
    "time": "18:00:00",
    "is_booked": false
  }
},
{
  "model": "barbers.timeslot",
  "pk": 98,
  "fields": {
    "barber": 11,
    "date": "2026-06-23",
    "time": "10:00:00",
    "is_booked": false
  }
},
{
  "model": "barbers.timeslot",
  "pk": 99,
  "fields": {
    "barber": 11,
    "date": "2026-06-23",
    "time": "12:30:00",
    "is_booked": false
  }
},
{
  "model": "barbers.timeslot",
  "pk": 100,
  "fields": {
    "barber": 11,
    "date": "2026-06-23",
    "time": "13:00:00",
    "is_booked": false
  }
},
{
  "model": "barbers.timeslot",
  "pk": 101,
  "fields": {
    "barber": 11,
    "date": "2026-06-23",
    "time": "15:00:00",
    "is_booked": false
  }
},
{
  "model": "barbers.timeslot",
  "pk": 102,
  "fields": {
    "barber": 11,
    "date": "2026-06-23",
    "time": "19:00:00",
    "is_booked": false
  }
},
{
  "model": "barbers.timeslot",
  "pk": 103,
  "fields": {
    "barber": 11,
    "date": "2026-06-23",
    "time": "19:30:00",
    "is_booked": false
  }
},
{
  "model": "barbers.timeslot",
  "pk": 104,
  "fields": {
    "barber": 11,
    "date": "2026-06-23",
    "time": "18:30:00",
    "is_booked": false
  }
},
{
  "model": "barbers.timeslot",
  "pk": 105,
  "fields": {
    "barber": 11,
    "date": "2026-06-23",
    "time": "16:00:00",
    "is_booked": false
  }
},
{
  "model": "barbers.timeslot",
  "pk": 106,
  "fields": {
    "barber": 11,
    "date": "2026-06-24",
    "time": "10:00:00",
    "is_booked": false
  }
},
{
  "model": "barbers.timeslot",
  "pk": 107,
  "fields": {
    "barber": 11,
    "date": "2026-06-24",
    "time": "19:00:00",
    "is_booked": false
  }
},
{
  "model": "barbers.timeslot",
  "pk": 108,
  "fields": {
    "barber": 11,
    "date": "2026-06-24",
    "time": "11:00:00",
    "is_booked": false
  }
},
{
  "model": "barbers.timeslot",
  "pk": 109,
  "fields": {
    "barber": 11,
    "date": "2026-06-24",
    "time": "10:30:00",
    "is_booked": false
  }
},
{
  "model": "barbers.timeslot",
  "pk": 110,
  "fields": {
    "barber": 11,
    "date": "2026-06-24",
    "time": "11:30:00",
    "is_booked": false
  }
},
{
  "model": "barbers.timeslot",
  "pk": 111,
  "fields": {
    "barber": 11,
    "date": "2026-06-24",
    "time": "13:30:00",
    "is_booked": false
  }
},
{
  "model": "barbers.timeslot",
  "pk": 112,
  "fields": {
    "barber": 11,
    "date": "2026-06-24",
    "time": "14:30:00",
    "is_booked": false
  }
},
{
  "model": "barbers.timeslot",
  "pk": 113,
  "fields": {
    "barber": 11,
    "date": "2026-06-21",
    "time": "12:00:00",
    "is_booked": false
  }
},
{
  "model": "barbers.timeslot",
  "pk": 114,
  "fields": {
    "barber": 11,
    "date": "2026-06-21",
    "time": "13:00:00",
    "is_booked": false
  }
},
{
  "model": "barbers.timeslot",
  "pk": 115,
  "fields": {
    "barber": 11,
    "date": "2026-06-21",
    "time": "13:30:00",
    "is_booked": false
  }
},
{
  "model": "barbers.timeslot",
  "pk": 116,
  "fields": {
    "barber": 11,
    "date": "2026-06-21",
    "time": "19:00:00",
    "is_booked": false
  }
},
{
  "model": "barbers.timeslot",
  "pk": 117,
  "fields": {
    "barber": 11,
    "date": "2026-06-21",
    "time": "19:30:00",
    "is_booked": false
  }
},
{
  "model": "barbers.timeslot",
  "pk": 118,
  "fields": {
    "barber": 11,
    "date": "2026-06-21",
    "time": "12:30:00",
    "is_booked": false
  }
},
{
  "model": "barbers.timeslot",
  "pk": 119,
  "fields": {
    "barber": 11,
    "date": "2026-06-17",
    "time": "18:00:00",
    "is_booked": false
  }
},
{
  "model": "barbers.timeslot",
  "pk": 120,
  "fields": {
    "barber": 11,
    "date": "2026-06-17",
    "time": "13:00:00",
    "is_booked": false
  }
},
{
  "model": "barbers.timeslot",
  "pk": 121,
  "fields": {
    "barber": 11,
    "date": "2026-06-17",
    "time": "19:00:00",
    "is_booked": false
  }
},
{
  "model": "barbers.timeslot",
  "pk": 122,
  "fields": {
    "barber": 11,
    "date": "2026-06-17",
    "time": "15:00:00",
    "is_booked": false
  }
},
{
  "model": "barbers.timeslot",
  "pk": 127,
  "fields": {
    "barber": 8,
    "date": "2026-06-15",
    "time": "15:00:00",
    "is_booked": false
  }
},
{
  "model": "barbers.timeslot",
  "pk": 128,
  "fields": {
    "barber": 8,
    "date": "2026-06-15",
    "time": "16:00:00",
    "is_booked": false
  }
},
{
  "model": "barbers.timeslot",
  "pk": 129,
  "fields": {
    "barber": 8,
    "date": "2026-06-15",
    "time": "17:00:00",
    "is_booked": false
  }
},
{
  "model": "barbers.timeslot",
  "pk": 130,
  "fields": {
    "barber": 8,
    "date": "2026-06-15",
    "time": "16:30:00",
    "is_booked": false
  }
},
{
  "model": "barbers.timeslot",
  "pk": 131,
  "fields": {
    "barber": 8,
    "date": "2026-06-15",
    "time": "18:00:00",
    "is_booked": false
  }
},
{
  "model": "barbers.timeslot",
  "pk": 132,
  "fields": {
    "barber": 8,
    "date": "2026-06-16",
    "time": "11:00:00",
    "is_booked": false
  }
},
{
  "model": "barbers.timeslot",
  "pk": 133,
  "fields": {
    "barber": 8,
    "date": "2026-06-16",
    "time": "10:00:00",
    "is_booked": false
  }
},
{
  "model": "barbers.timeslot",
  "pk": 134,
  "fields": {
    "barber": 8,
    "date": "2026-06-16",
    "time": "18:00:00",
    "is_booked": false
  }
},
{
  "model": "barbers.timeslot",
  "pk": 135,
  "fields": {
    "barber": 8,
    "date": "2026-06-16",
    "time": "16:00:00",
    "is_booked": false
  }
},
{
  "model": "barbers.timeslot",
  "pk": 136,
  "fields": {
    "barber": 8,
    "date": "2026-06-16",
    "time": "15:00:00",
    "is_booked": false
  }
},
{
  "model": "barbers.timeslot",
  "pk": 137,
  "fields": {
    "barber": 8,
    "date": "2026-06-16",
    "time": "14:30:00",
    "is_booked": false
  }
},
{
  "model": "barbers.timeslot",
  "pk": 138,
  "fields": {
    "barber": 8,
    "date": "2026-06-17",
    "time": "11:00:00",
    "is_booked": false
  }
},
{
  "model": "barbers.timeslot",
  "pk": 139,
  "fields": {
    "barber": 8,
    "date": "2026-06-17",
    "time": "13:00:00",
    "is_booked": false
  }
},
{
  "model": "barbers.timeslot",
  "pk": 140,
  "fields": {
    "barber": 8,
    "date": "2026-06-17",
    "time": "18:00:00",
    "is_booked": false
  }
},
{
  "model": "barbers.timeslot",
  "pk": 141,
  "fields": {
    "barber": 8,
    "date": "2026-06-17",
    "time": "16:30:00",
    "is_booked": false
  }
},
{
  "model": "barbers.timeslot",
  "pk": 142,
  "fields": {
    "barber": 8,
    "date": "2026-06-17",
    "time": "12:00:00",
    "is_booked": false
  }
},
{
  "model": "barbers.timeslot",
  "pk": 143,
  "fields": {
    "barber": 8,
    "date": "2026-06-17",
    "time": "19:30:00",
    "is_booked": false
  }
},
{
  "model": "barbers.timeslot",
  "pk": 144,
  "fields": {
    "barber": 8,
    "date": "2026-06-17",
    "time": "19:00:00",
    "is_booked": false
  }
},
{
  "model": "barbers.timeslot",
  "pk": 145,
  "fields": {
    "barber": 8,
    "date": "2026-06-17",
    "time": "14:00:00",
    "is_booked": false
  }
},
{
  "model": "barbers.timeslot",
  "pk": 146,
  "fields": {
    "barber": 8,
    "date": "2026-06-19",
    "time": "12:00:00",
    "is_booked": false
  }
},
{
  "model": "barbers.timeslot",
  "pk": 147,
  "fields": {
    "barber": 8,
    "date": "2026-06-19",
    "time": "19:00:00",
    "is_booked": false
  }
},
{
  "model": "barbers.timeslot",
  "pk": 148,
  "fields": {
    "barber": 8,
    "date": "2026-06-19",
    "time": "10:00:00",
    "is_booked": false
  }
},
{
  "model": "barbers.timeslot",
  "pk": 149,
  "fields": {
    "barber": 8,
    "date": "2026-06-19",
    "time": "15:00:00",
    "is_booked": false
  }
},
{
  "model": "barbers.timeslot",
  "pk": 150,
  "fields": {
    "barber": 8,
    "date": "2026-06-19",
    "time": "17:00:00",
    "is_booked": false
  }
},
{
  "model": "barbers.timeslot",
  "pk": 151,
  "fields": {
    "barber": 8,
    "date": "2026-06-19",
    "time": "12:30:00",
    "is_booked": false
  }
},
{
  "model": "barbers.timeslot",
  "pk": 152,
  "fields": {
    "barber": 8,
    "date": "2026-06-19",
    "time": "14:00:00",
    "is_booked": false
  }
},
{
  "model": "barbers.timeslot",
  "pk": 153,
  "fields": {
    "barber": 8,
    "date": "2026-06-19",
    "time": "15:30:00",
    "is_booked": false
  }
},
{
  "model": "barbers.timeslot",
  "pk": 154,
  "fields": {
    "barber": 8,
    "date": "2026-06-20",
    "time": "12:00:00",
    "is_booked": false
  }
},
{
  "model": "barbers.timeslot",
  "pk": 155,
  "fields": {
    "barber": 8,
    "date": "2026-06-20",
    "time": "10:00:00",
    "is_booked": false
  }
},
{
  "model": "barbers.timeslot",
  "pk": 156,
  "fields": {
    "barber": 8,
    "date": "2026-06-20",
    "time": "12:30:00",
    "is_booked": false
  }
},
{
  "model": "barbers.timeslot",
  "pk": 157,
  "fields": {
    "barber": 8,
    "date": "2026-06-20",
    "time": "17:00:00",
    "is_booked": false
  }
},
{
  "model": "barbers.timeslot",
  "pk": 158,
  "fields": {
    "barber": 8,
    "date": "2026-06-20",
    "time": "16:00:00",
    "is_booked": false
  }
},
{
  "model": "barbers.timeslot",
  "pk": 159,
  "fields": {
    "barber": 8,
    "date": "2026-06-21",
    "time": "19:00:00",
    "is_booked": false
  }
},
{
  "model": "barbers.timeslot",
  "pk": 160,
  "fields": {
    "barber": 8,
    "date": "2026-06-21",
    "time": "11:30:00",
    "is_booked": false
  }
},
{
  "model": "barbers.timeslot",
  "pk": 161,
  "fields": {
    "barber": 8,
    "date": "2026-06-21",
    "time": "16:30:00",
    "is_booked": false
  }
},
{
  "model": "barbers.timeslot",
  "pk": 162,
  "fields": {
    "barber": 8,
    "date": "2026-06-21",
    "time": "18:00:00",
    "is_booked": false
  }
},
{
  "model": "barbers.timeslot",
  "pk": 163,
  "fields": {
    "barber": 8,
    "date": "2026-06-23",
    "time": "19:00:00",
    "is_booked": false
  }
},
{
  "model": "barbers.timeslot",
  "pk": 164,
  "fields": {
    "barber": 10,
    "date": "2026-06-23",
    "time": "11:00:00",
    "is_booked": false
  }
},
{
  "model": "barbers.timeslot",
  "pk": 165,
  "fields": {
    "barber": 8,
    "date": "2026-06-23",
    "time": "15:00:00",
    "is_booked": false
  }
},
{
  "model": "barbers.timeslot",
  "pk": 166,
  "fields": {
    "barber": 8,
    "date": "2026-06-23",
    "time": "12:00:00",
    "is_booked": false
  }
},
{
  "model": "barbers.timeslot",
  "pk": 167,
  "fields": {
    "barber": 8,
    "date": "2026-06-23",
    "time": "10:00:00",
    "is_booked": false
  }
},
{
  "model": "barbers.timeslot",
  "pk": 168,
  "fields": {
    "barber": 8,
    "date": "2026-06-23",
    "time": "10:30:00",
    "is_booked": false
  }
},
{
  "model": "barbers.timeslot",
  "pk": 169,
  "fields": {
    "barber": 9,
    "date": "2026-06-15",
    "time": "15:00:00",
    "is_booked": false
  }
},
{
  "model": "barbers.timeslot",
  "pk": 170,
  "fields": {
    "barber": 9,
    "date": "2026-06-15",
    "time": "15:30:00",
    "is_booked": false
  }
},
{
  "model": "barbers.timeslot",
  "pk": 171,
  "fields": {
    "barber": 9,
    "date": "2026-06-15",
    "time": "16:00:00",
    "is_booked": false
  }
},
{
  "model": "barbers.timeslot",
  "pk": 172,
  "fields": {
    "barber": 9,
    "date": "2026-06-15",
    "time": "17:00:00",
    "is_booked": false
  }
},
{
  "model": "barbers.timeslot",
  "pk": 173,
  "fields": {
    "barber": 9,
    "date": "2026-06-15",
    "time": "17:30:00",
    "is_booked": false
  }
},
{
  "model": "barbers.timeslot",
  "pk": 174,
  "fields": {
    "barber": 9,
    "date": "2026-06-15",
    "time": "18:00:00",
    "is_booked": false
  }
},
{
  "model": "barbers.timeslot",
  "pk": 175,
  "fields": {
    "barber": 9,
    "date": "2026-06-15",
    "time": "19:30:00",
    "is_booked": false
  }
},
{
  "model": "barbers.timeslot",
  "pk": 176,
  "fields": {
    "barber": 9,
    "date": "2026-06-16",
    "time": "10:00:00",
    "is_booked": false
  }
},
{
  "model": "barbers.timeslot",
  "pk": 177,
  "fields": {
    "barber": 9,
    "date": "2026-06-16",
    "time": "11:30:00",
    "is_booked": false
  }
},
{
  "model": "barbers.timeslot",
  "pk": 178,
  "fields": {
    "barber": 9,
    "date": "2026-06-16",
    "time": "12:30:00",
    "is_booked": false
  }
},
{
  "model": "barbers.timeslot",
  "pk": 179,
  "fields": {
    "barber": 9,
    "date": "2026-06-16",
    "time": "13:30:00",
    "is_booked": false
  }
},
{
  "model": "barbers.timeslot",
  "pk": 180,
  "fields": {
    "barber": 9,
    "date": "2026-06-16",
    "time": "10:30:00",
    "is_booked": false
  }
},
{
  "model": "barbers.timeslot",
  "pk": 181,
  "fields": {
    "barber": 9,
    "date": "2026-06-16",
    "time": "15:00:00",
    "is_booked": false
  }
},
{
  "model": "barbers.timeslot",
  "pk": 182,
  "fields": {
    "barber": 9,
    "date": "2026-06-16",
    "time": "16:30:00",
    "is_booked": false
  }
},
{
  "model": "barbers.timeslot",
  "pk": 183,
  "fields": {
    "barber": 9,
    "date": "2026-06-16",
    "time": "17:00:00",
    "is_booked": false
  }
},
{
  "model": "barbers.timeslot",
  "pk": 184,
  "fields": {
    "barber": 9,
    "date": "2026-06-16",
    "time": "18:00:00",
    "is_booked": false
  }
},
{
  "model": "barbers.timeslot",
  "pk": 185,
  "fields": {
    "barber": 9,
    "date": "2026-06-16",
    "time": "18:30:00",
    "is_booked": false
  }
},
{
  "model": "barbers.timeslot",
  "pk": 186,
  "fields": {
    "barber": 9,
    "date": "2026-06-17",
    "time": "10:30:00",
    "is_booked": false
  }
},
{
  "model": "barbers.timeslot",
  "pk": 187,
  "fields": {
    "barber": 9,
    "date": "2026-06-17",
    "time": "11:00:00",
    "is_booked": false
  }
},
{
  "model": "barbers.timeslot",
  "pk": 188,
  "fields": {
    "barber": 9,
    "date": "2026-06-17",
    "time": "12:00:00",
    "is_booked": false
  }
},
{
  "model": "barbers.timeslot",
  "pk": 189,
  "fields": {
    "barber": 9,
    "date": "2026-06-17",
    "time": "12:30:00",
    "is_booked": false
  }
},
{
  "model": "barbers.timeslot",
  "pk": 190,
  "fields": {
    "barber": 9,
    "date": "2026-06-17",
    "time": "13:00:00",
    "is_booked": false
  }
},
{
  "model": "barbers.timeslot",
  "pk": 191,
  "fields": {
    "barber": 9,
    "date": "2026-06-17",
    "time": "13:30:00",
    "is_booked": false
  }
},
{
  "model": "barbers.timeslot",
  "pk": 192,
  "fields": {
    "barber": 9,
    "date": "2026-06-17",
    "time": "14:30:00",
    "is_booked": false
  }
},
{
  "model": "barbers.timeslot",
  "pk": 193,
  "fields": {
    "barber": 9,
    "date": "2026-06-17",
    "time": "16:00:00",
    "is_booked": false
  }
},
{
  "model": "barbers.timeslot",
  "pk": 194,
  "fields": {
    "barber": 9,
    "date": "2026-06-17",
    "time": "17:00:00",
    "is_booked": false
  }
},
{
  "model": "barbers.timeslot",
  "pk": 195,
  "fields": {
    "barber": 9,
    "date": "2026-06-17",
    "time": "18:30:00",
    "is_booked": false
  }
},
{
  "model": "barbers.timeslot",
  "pk": 196,
  "fields": {
    "barber": 9,
    "date": "2026-06-17",
    "time": "19:30:00",
    "is_booked": false
  }
},
{
  "model": "barbers.timeslot",
  "pk": 197,
  "fields": {
    "barber": 9,
    "date": "2026-06-18",
    "time": "10:00:00",
    "is_booked": false
  }
},
{
  "model": "barbers.timeslot",
  "pk": 198,
  "fields": {
    "barber": 9,
    "date": "2026-06-18",
    "time": "10:30:00",
    "is_booked": false
  }
},
{
  "model": "barbers.timeslot",
  "pk": 199,
  "fields": {
    "barber": 9,
    "date": "2026-06-18",
    "time": "11:00:00",
    "is_booked": false
  }
},
{
  "model": "barbers.timeslot",
  "pk": 200,
  "fields": {
    "barber": 9,
    "date": "2026-06-18",
    "time": "12:30:00",
    "is_booked": false
  }
},
{
  "model": "barbers.timeslot",
  "pk": 201,
  "fields": {
    "barber": 9,
    "date": "2026-06-18",
    "time": "13:30:00",
    "is_booked": false
  }
},
{
  "model": "barbers.timeslot",
  "pk": 202,
  "fields": {
    "barber": 9,
    "date": "2026-06-18",
    "time": "14:00:00",
    "is_booked": false
  }
},
{
  "model": "barbers.timeslot",
  "pk": 203,
  "fields": {
    "barber": 9,
    "date": "2026-06-18",
    "time": "14:30:00",
    "is_booked": false
  }
},
{
  "model": "barbers.timeslot",
  "pk": 204,
  "fields": {
    "barber": 9,
    "date": "2026-06-18",
    "time": "15:30:00",
    "is_booked": false
  }
},
{
  "model": "barbers.timeslot",
  "pk": 205,
  "fields": {
    "barber": 9,
    "date": "2026-06-18",
    "time": "16:30:00",
    "is_booked": false
  }
},
{
  "model": "barbers.timeslot",
  "pk": 206,
  "fields": {
    "barber": 9,
    "date": "2026-06-18",
    "time": "17:00:00",
    "is_booked": false
  }
},
{
  "model": "barbers.timeslot",
  "pk": 207,
  "fields": {
    "barber": 9,
    "date": "2026-06-18",
    "time": "18:00:00",
    "is_booked": false
  }
},
{
  "model": "barbers.timeslot",
  "pk": 208,
  "fields": {
    "barber": 9,
    "date": "2026-06-18",
    "time": "18:30:00",
    "is_booked": false
  }
},
{
  "model": "barbers.timeslot",
  "pk": 209,
  "fields": {
    "barber": 9,
    "date": "2026-06-18",
    "time": "19:30:00",
    "is_booked": false
  }
},
{
  "model": "barbers.timeslot",
  "pk": 210,
  "fields": {
    "barber": 9,
    "date": "2026-06-20",
    "time": "10:30:00",
    "is_booked": false
  }
},
{
  "model": "barbers.timeslot",
  "pk": 211,
  "fields": {
    "barber": 9,
    "date": "2026-06-20",
    "time": "14:00:00",
    "is_booked": false
  }
},
{
  "model": "barbers.timeslot",
  "pk": 212,
  "fields": {
    "barber": 9,
    "date": "2026-06-20",
    "time": "11:30:00",
    "is_booked": false
  }
},
{
  "model": "barbers.timeslot",
  "pk": 213,
  "fields": {
    "barber": 9,
    "date": "2026-06-20",
    "time": "15:30:00",
    "is_booked": false
  }
},
{
  "model": "barbers.timeslot",
  "pk": 214,
  "fields": {
    "barber": 9,
    "date": "2026-06-20",
    "time": "16:00:00",
    "is_booked": false
  }
},
{
  "model": "barbers.timeslot",
  "pk": 215,
  "fields": {
    "barber": 9,
    "date": "2026-06-20",
    "time": "17:30:00",
    "is_booked": false
  }
},
{
  "model": "barbers.timeslot",
  "pk": 216,
  "fields": {
    "barber": 9,
    "date": "2026-06-20",
    "time": "18:00:00",
    "is_booked": false
  }
},
{
  "model": "barbers.timeslot",
  "pk": 217,
  "fields": {
    "barber": 9,
    "date": "2026-06-21",
    "time": "10:00:00",
    "is_booked": false
  }
},
{
  "model": "barbers.timeslot",
  "pk": 218,
  "fields": {
    "barber": 9,
    "date": "2026-06-21",
    "time": "11:30:00",
    "is_booked": false
  }
},
{
  "model": "barbers.timeslot",
  "pk": 219,
  "fields": {
    "barber": 9,
    "date": "2026-06-21",
    "time": "12:00:00",
    "is_booked": false
  }
},
{
  "model": "barbers.timeslot",
  "pk": 220,
  "fields": {
    "barber": 9,
    "date": "2026-06-21",
    "time": "13:00:00",
    "is_booked": false
  }
},
{
  "model": "barbers.timeslot",
  "pk": 221,
  "fields": {
    "barber": 9,
    "date": "2026-06-21",
    "time": "14:00:00",
    "is_booked": false
  }
},
{
  "model": "barbers.timeslot",
  "pk": 222,
  "fields": {
    "barber": 9,
    "date": "2026-06-21",
    "time": "13:30:00",
    "is_booked": false
  }
},
{
  "model": "barbers.timeslot",
  "pk": 223,
  "fields": {
    "barber": 9,
    "date": "2026-06-21",
    "time": "15:30:00",
    "is_booked": false
  }
},
{
  "model": "barbers.timeslot",
  "pk": 224,
  "fields": {
    "barber": 9,
    "date": "2026-06-21",
    "time": "17:00:00",
    "is_booked": false
  }
},
{
  "model": "barbers.timeslot",
  "pk": 225,
  "fields": {
    "barber": 9,
    "date": "2026-06-21",
    "time": "19:30:00",
    "is_booked": false
  }
},
{
  "model": "barbers.timeslot",
  "pk": 226,
  "fields": {
    "barber": 9,
    "date": "2026-06-21",
    "time": "15:00:00",
    "is_booked": false
  }
},
{
  "model": "barbers.timeslot",
  "pk": 227,
  "fields": {
    "barber": 9,
    "date": "2026-06-21",
    "time": "14:30:00",
    "is_booked": false
  }
},
{
  "model": "barbers.timeslot",
  "pk": 228,
  "fields": {
    "barber": 9,
    "date": "2026-06-21",
    "time": "17:30:00",
    "is_booked": false
  }
},
{
  "model": "barbers.timeslot",
  "pk": 229,
  "fields": {
    "barber": 9,
    "date": "2026-06-22",
    "time": "10:00:00",
    "is_booked": false
  }
},
{
  "model": "barbers.timeslot",
  "pk": 230,
  "fields": {
    "barber": 9,
    "date": "2026-06-22",
    "time": "10:30:00",
    "is_booked": false
  }
},
{
  "model": "barbers.timeslot",
  "pk": 231,
  "fields": {
    "barber": 9,
    "date": "2026-06-22",
    "time": "11:00:00",
    "is_booked": false
  }
},
{
  "model": "barbers.timeslot",
  "pk": 232,
  "fields": {
    "barber": 9,
    "date": "2026-06-22",
    "time": "11:30:00",
    "is_booked": false
  }
},
{
  "model": "barbers.timeslot",
  "pk": 233,
  "fields": {
    "barber": 9,
    "date": "2026-06-22",
    "time": "12:00:00",
    "is_booked": false
  }
},
{
  "model": "barbers.timeslot",
  "pk": 234,
  "fields": {
    "barber": 9,
    "date": "2026-06-22",
    "time": "13:00:00",
    "is_booked": false
  }
},
{
  "model": "barbers.timeslot",
  "pk": 235,
  "fields": {
    "barber": 9,
    "date": "2026-06-22",
    "time": "14:00:00",
    "is_booked": false
  }
},
{
  "model": "barbers.timeslot",
  "pk": 236,
  "fields": {
    "barber": 9,
    "date": "2026-06-22",
    "time": "16:00:00",
    "is_booked": false
  }
},
{
  "model": "barbers.timeslot",
  "pk": 237,
  "fields": {
    "barber": 9,
    "date": "2026-06-22",
    "time": "17:00:00",
    "is_booked": false
  }
},
{
  "model": "barbers.timeslot",
  "pk": 238,
  "fields": {
    "barber": 9,
    "date": "2026-06-22",
    "time": "18:00:00",
    "is_booked": false
  }
},
{
  "model": "barbers.timeslot",
  "pk": 239,
  "fields": {
    "barber": 9,
    "date": "2026-06-22",
    "time": "19:30:00",
    "is_booked": false
  }
},
{
  "model": "barbers.timeslot",
  "pk": 240,
  "fields": {
    "barber": 10,
    "date": "2026-06-16",
    "time": "10:00:00",
    "is_booked": false
  }
},
{
  "model": "barbers.timeslot",
  "pk": 241,
  "fields": {
    "barber": 10,
    "date": "2026-06-16",
    "time": "10:30:00",
    "is_booked": false
  }
},
{
  "model": "barbers.timeslot",
  "pk": 242,
  "fields": {
    "barber": 10,
    "date": "2026-06-16",
    "time": "12:00:00",
    "is_booked": false
  }
},
{
  "model": "barbers.timeslot",
  "pk": 243,
  "fields": {
    "barber": 10,
    "date": "2026-06-16",
    "time": "13:00:00",
    "is_booked": false
  }
},
{
  "model": "barbers.timeslot",
  "pk": 244,
  "fields": {
    "barber": 10,
    "date": "2026-06-16",
    "time": "14:30:00",
    "is_booked": false
  }
},
{
  "model": "barbers.timeslot",
  "pk": 245,
  "fields": {
    "barber": 10,
    "date": "2026-06-16",
    "time": "15:00:00",
    "is_booked": false
  }
},
{
  "model": "barbers.timeslot",
  "pk": 246,
  "fields": {
    "barber": 10,
    "date": "2026-06-16",
    "time": "16:30:00",
    "is_booked": false
  }
},
{
  "model": "barbers.timeslot",
  "pk": 247,
  "fields": {
    "barber": 10,
    "date": "2026-06-16",
    "time": "17:00:00",
    "is_booked": false
  }
},
{
  "model": "barbers.timeslot",
  "pk": 248,
  "fields": {
    "barber": 10,
    "date": "2026-06-16",
    "time": "18:00:00",
    "is_booked": false
  }
},
{
  "model": "barbers.timeslot",
  "pk": 249,
  "fields": {
    "barber": 10,
    "date": "2026-06-16",
    "time": "19:00:00",
    "is_booked": false
  }
},
{
  "model": "barbers.timeslot",
  "pk": 250,
  "fields": {
    "barber": 10,
    "date": "2026-06-16",
    "time": "19:30:00",
    "is_booked": false
  }
},
{
  "model": "barbers.timeslot",
  "pk": 251,
  "fields": {
    "barber": 10,
    "date": "2026-06-17",
    "time": "10:00:00",
    "is_booked": false
  }
},
{
  "model": "barbers.timeslot",
  "pk": 252,
  "fields": {
    "barber": 10,
    "date": "2026-06-17",
    "time": "10:30:00",
    "is_booked": false
  }
},
{
  "model": "barbers.timeslot",
  "pk": 253,
  "fields": {
    "barber": 10,
    "date": "2026-06-17",
    "time": "11:00:00",
    "is_booked": false
  }
},
{
  "model": "barbers.timeslot",
  "pk": 254,
  "fields": {
    "barber": 10,
    "date": "2026-06-17",
    "time": "11:30:00",
    "is_booked": false
  }
},
{
  "model": "barbers.timeslot",
  "pk": 255,
  "fields": {
    "barber": 10,
    "date": "2026-06-17",
    "time": "12:00:00",
    "is_booked": false
  }
},
{
  "model": "barbers.timeslot",
  "pk": 256,
  "fields": {
    "barber": 10,
    "date": "2026-06-17",
    "time": "12:30:00",
    "is_booked": false
  }
},
{
  "model": "barbers.timeslot",
  "pk": 257,
  "fields": {
    "barber": 10,
    "date": "2026-06-17",
    "time": "13:00:00",
    "is_booked": false
  }
},
{
  "model": "barbers.timeslot",
  "pk": 258,
  "fields": {
    "barber": 10,
    "date": "2026-06-17",
    "time": "13:30:00",
    "is_booked": false
  }
},
{
  "model": "barbers.timeslot",
  "pk": 259,
  "fields": {
    "barber": 10,
    "date": "2026-06-17",
    "time": "14:00:00",
    "is_booked": false
  }
},
{
  "model": "barbers.timeslot",
  "pk": 260,
  "fields": {
    "barber": 10,
    "date": "2026-06-17",
    "time": "14:30:00",
    "is_booked": false
  }
},
{
  "model": "barbers.timeslot",
  "pk": 261,
  "fields": {
    "barber": 10,
    "date": "2026-06-17",
    "time": "15:00:00",
    "is_booked": false
  }
},
{
  "model": "barbers.timeslot",
  "pk": 262,
  "fields": {
    "barber": 10,
    "date": "2026-06-17",
    "time": "16:30:00",
    "is_booked": false
  }
},
{
  "model": "barbers.timeslot",
  "pk": 263,
  "fields": {
    "barber": 10,
    "date": "2026-06-17",
    "time": "17:30:00",
    "is_booked": false
  }
},
{
  "model": "barbers.timeslot",
  "pk": 264,
  "fields": {
    "barber": 10,
    "date": "2026-06-17",
    "time": "18:00:00",
    "is_booked": false
  }
},
{
  "model": "barbers.timeslot",
  "pk": 265,
  "fields": {
    "barber": 10,
    "date": "2026-06-17",
    "time": "19:00:00",
    "is_booked": false
  }
},
{
  "model": "barbers.timeslot",
  "pk": 266,
  "fields": {
    "barber": 10,
    "date": "2026-06-19",
    "time": "10:30:00",
    "is_booked": false
  }
},
{
  "model": "barbers.timeslot",
  "pk": 267,
  "fields": {
    "barber": 10,
    "date": "2026-06-19",
    "time": "11:00:00",
    "is_booked": false
  }
},
{
  "model": "barbers.timeslot",
  "pk": 268,
  "fields": {
    "barber": 10,
    "date": "2026-06-19",
    "time": "12:00:00",
    "is_booked": false
  }
},
{
  "model": "barbers.timeslot",
  "pk": 269,
  "fields": {
    "barber": 10,
    "date": "2026-06-19",
    "time": "12:30:00",
    "is_booked": false
  }
},
{
  "model": "barbers.timeslot",
  "pk": 270,
  "fields": {
    "barber": 10,
    "date": "2026-06-19",
    "time": "13:30:00",
    "is_booked": false
  }
},
{
  "model": "barbers.timeslot",
  "pk": 271,
  "fields": {
    "barber": 10,
    "date": "2026-06-19",
    "time": "15:00:00",
    "is_booked": false
  }
},
{
  "model": "barbers.timeslot",
  "pk": 272,
  "fields": {
    "barber": 10,
    "date": "2026-06-19",
    "time": "16:00:00",
    "is_booked": false
  }
},
{
  "model": "barbers.timeslot",
  "pk": 273,
  "fields": {
    "barber": 10,
    "date": "2026-06-19",
    "time": "17:30:00",
    "is_booked": false
  }
},
{
  "model": "barbers.timeslot",
  "pk": 274,
  "fields": {
    "barber": 10,
    "date": "2026-06-19",
    "time": "18:30:00",
    "is_booked": false
  }
},
{
  "model": "barbers.timeslot",
  "pk": 275,
  "fields": {
    "barber": 10,
    "date": "2026-06-19",
    "time": "18:00:00",
    "is_booked": false
  }
},
{
  "model": "barbers.timeslot",
  "pk": 276,
  "fields": {
    "barber": 10,
    "date": "2026-06-19",
    "time": "19:00:00",
    "is_booked": false
  }
},
{
  "model": "barbers.timeslot",
  "pk": 277,
  "fields": {
    "barber": 10,
    "date": "2026-06-19",
    "time": "19:30:00",
    "is_booked": false
  }
},
{
  "model": "barbers.timeslot",
  "pk": 278,
  "fields": {
    "barber": 10,
    "date": "2026-06-20",
    "time": "11:00:00",
    "is_booked": false
  }
},
{
  "model": "barbers.timeslot",
  "pk": 279,
  "fields": {
    "barber": 10,
    "date": "2026-06-20",
    "time": "10:00:00",
    "is_booked": false
  }
},
{
  "model": "barbers.timeslot",
  "pk": 280,
  "fields": {
    "barber": 10,
    "date": "2026-06-20",
    "time": "10:30:00",
    "is_booked": false
  }
},
{
  "model": "barbers.timeslot",
  "pk": 281,
  "fields": {
    "barber": 10,
    "date": "2026-06-20",
    "time": "12:00:00",
    "is_booked": false
  }
},
{
  "model": "barbers.timeslot",
  "pk": 282,
  "fields": {
    "barber": 10,
    "date": "2026-06-20",
    "time": "14:00:00",
    "is_booked": false
  }
},
{
  "model": "barbers.timeslot",
  "pk": 283,
  "fields": {
    "barber": 10,
    "date": "2026-06-20",
    "time": "16:00:00",
    "is_booked": false
  }
},
{
  "model": "barbers.timeslot",
  "pk": 284,
  "fields": {
    "barber": 10,
    "date": "2026-06-20",
    "time": "16:30:00",
    "is_booked": false
  }
},
{
  "model": "barbers.timeslot",
  "pk": 285,
  "fields": {
    "barber": 10,
    "date": "2026-06-20",
    "time": "17:00:00",
    "is_booked": false
  }
},
{
  "model": "barbers.timeslot",
  "pk": 286,
  "fields": {
    "barber": 10,
    "date": "2026-06-20",
    "time": "19:00:00",
    "is_booked": false
  }
},
{
  "model": "barbers.timeslot",
  "pk": 287,
  "fields": {
    "barber": 10,
    "date": "2026-06-22",
    "time": "11:00:00",
    "is_booked": false
  }
},
{
  "model": "barbers.timeslot",
  "pk": 288,
  "fields": {
    "barber": 10,
    "date": "2026-06-22",
    "time": "11:30:00",
    "is_booked": false
  }
},
{
  "model": "barbers.timeslot",
  "pk": 289,
  "fields": {
    "barber": 10,
    "date": "2026-06-22",
    "time": "12:30:00",
    "is_booked": false
  }
},
{
  "model": "barbers.timeslot",
  "pk": 290,
  "fields": {
    "barber": 10,
    "date": "2026-06-22",
    "time": "13:30:00",
    "is_booked": false
  }
},
{
  "model": "barbers.timeslot",
  "pk": 291,
  "fields": {
    "barber": 10,
    "date": "2026-06-22",
    "time": "14:30:00",
    "is_booked": false
  }
},
{
  "model": "barbers.timeslot",
  "pk": 292,
  "fields": {
    "barber": 10,
    "date": "2026-06-22",
    "time": "15:00:00",
    "is_booked": false
  }
},
{
  "model": "barbers.timeslot",
  "pk": 293,
  "fields": {
    "barber": 10,
    "date": "2026-06-22",
    "time": "16:00:00",
    "is_booked": false
  }
},
{
  "model": "barbers.timeslot",
  "pk": 294,
  "fields": {
    "barber": 10,
    "date": "2026-06-22",
    "time": "17:30:00",
    "is_booked": false
  }
},
{
  "model": "barbers.timeslot",
  "pk": 295,
  "fields": {
    "barber": 10,
    "date": "2026-06-22",
    "time": "18:00:00",
    "is_booked": false
  }
},
{
  "model": "barbers.timeslot",
  "pk": 296,
  "fields": {
    "barber": 10,
    "date": "2026-06-22",
    "time": "18:30:00",
    "is_booked": false
  }
},
{
  "model": "barbers.timeslot",
  "pk": 297,
  "fields": {
    "barber": 10,
    "date": "2026-06-22",
    "time": "19:30:00",
    "is_booked": false
  }
},
{
  "model": "barbers.timeslot",
  "pk": 298,
  "fields": {
    "barber": 10,
    "date": "2026-06-22",
    "time": "19:00:00",
    "is_booked": false
  }
},
{
  "model": "barbers.timeslot",
  "pk": 299,
  "fields": {
    "barber": 10,
    "date": "2026-06-24",
    "time": "10:00:00",
    "is_booked": false
  }
},
{
  "model": "barbers.timeslot",
  "pk": 300,
  "fields": {
    "barber": 10,
    "date": "2026-06-24",
    "time": "11:30:00",
    "is_booked": false
  }
},
{
  "model": "barbers.timeslot",
  "pk": 301,
  "fields": {
    "barber": 10,
    "date": "2026-06-24",
    "time": "19:00:00",
    "is_booked": false
  }
},
{
  "model": "barbers.timeslot",
  "pk": 302,
  "fields": {
    "barber": 10,
    "date": "2026-06-24",
    "time": "18:00:00",
    "is_booked": false
  }
},
{
  "model": "barbers.timeslot",
  "pk": 303,
  "fields": {
    "barber": 10,
    "date": "2026-06-24",
    "time": "15:00:00",
    "is_booked": false
  }
},
{
  "model": "barbers.timeslot",
  "pk": 304,
  "fields": {
    "barber": 10,
    "date": "2026-06-24",
    "time": "16:00:00",
    "is_booked": false
  }
},
{
  "model": "barbers.timeslot",
  "pk": 305,
  "fields": {
    "barber": 10,
    "date": "2026-06-26",
    "time": "10:00:00",
    "is_booked": false
  }
},
{
  "model": "barbers.timeslot",
  "pk": 306,
  "fields": {
    "barber": 10,
    "date": "2026-06-26",
    "time": "11:30:00",
    "is_booked": false
  }
},
{
  "model": "barbers.timeslot",
  "pk": 307,
  "fields": {
    "barber": 10,
    "date": "2026-06-26",
    "time": "12:00:00",
    "is_booked": false
  }
},
{
  "model": "barbers.timeslot",
  "pk": 308,
  "fields": {
    "barber": 10,
    "date": "2026-06-26",
    "time": "13:00:00",
    "is_booked": false
  }
},
{
  "model": "barbers.timeslot",
  "pk": 309,
  "fields": {
    "barber": 10,
    "date": "2026-06-26",
    "time": "17:00:00",
    "is_booked": false
  }
},
{
  "model": "barbers.timeslot",
  "pk": 310,
  "fields": {
    "barber": 10,
    "date": "2026-06-26",
    "time": "17:30:00",
    "is_booked": false
  }
},
{
  "model": "barbers.timeslot",
  "pk": 311,
  "fields": {
    "barber": 10,
    "date": "2026-06-26",
    "time": "18:00:00",
    "is_booked": false
  }
},
{
  "model": "barbers.timeslot",
  "pk": 312,
  "fields": {
    "barber": 10,
    "date": "2026-06-26",
    "time": "14:00:00",
    "is_booked": false
  }
},
{
  "model": "barbers.timeslot",
  "pk": 313,
  "fields": {
    "barber": 10,
    "date": "2026-06-26",
    "time": "13:30:00",
    "is_booked": false
  }
},
{
  "model": "barbers.timeslot",
  "pk": 314,
  "fields": {
    "barber": 10,
    "date": "2026-06-26",
    "time": "14:30:00",
    "is_booked": false
  }
},
{
  "model": "barbers.timeslot",
  "pk": 315,
  "fields": {
    "barber": 10,
    "date": "2026-06-26",
    "time": "11:00:00",
    "is_booked": false
  }
},
{
  "model": "barbers.timeslot",
  "pk": 316,
  "fields": {
    "barber": 7,
    "date": "2026-06-15",
    "time": "17:00:00",
    "is_booked": false
  }
},
{
  "model": "barbers.timeslot",
  "pk": 317,
  "fields": {
    "barber": 7,
    "date": "2026-06-15",
    "time": "17:30:00",
    "is_booked": false
  }
},
{
  "model": "barbers.timeslot",
  "pk": 318,
  "fields": {
    "barber": 7,
    "date": "2026-06-15",
    "time": "18:00:00",
    "is_booked": false
  }
},
{
  "model": "barbers.timeslot",
  "pk": 319,
  "fields": {
    "barber": 7,
    "date": "2026-06-15",
    "time": "11:30:00",
    "is_booked": false
  }
},
{
  "model": "barbers.timeslot",
  "pk": 320,
  "fields": {
    "barber": 7,
    "date": "2026-06-16",
    "time": "10:00:00",
    "is_booked": false
  }
},
{
  "model": "barbers.timeslot",
  "pk": 321,
  "fields": {
    "barber": 7,
    "date": "2026-06-16",
    "time": "10:30:00",
    "is_booked": false
  }
},
{
  "model": "barbers.timeslot",
  "pk": 322,
  "fields": {
    "barber": 7,
    "date": "2026-06-16",
    "time": "11:00:00",
    "is_booked": false
  }
},
{
  "model": "barbers.timeslot",
  "pk": 323,
  "fields": {
    "barber": 7,
    "date": "2026-06-16",
    "time": "12:00:00",
    "is_booked": false
  }
},
{
  "model": "barbers.timeslot",
  "pk": 324,
  "fields": {
    "barber": 7,
    "date": "2026-06-16",
    "time": "12:30:00",
    "is_booked": false
  }
},
{
  "model": "barbers.timeslot",
  "pk": 325,
  "fields": {
    "barber": 7,
    "date": "2026-06-16",
    "time": "13:00:00",
    "is_booked": false
  }
},
{
  "model": "barbers.timeslot",
  "pk": 326,
  "fields": {
    "barber": 7,
    "date": "2026-06-16",
    "time": "14:00:00",
    "is_booked": false
  }
},
{
  "model": "barbers.timeslot",
  "pk": 327,
  "fields": {
    "barber": 7,
    "date": "2026-06-16",
    "time": "17:00:00",
    "is_booked": false
  }
},
{
  "model": "barbers.timeslot",
  "pk": 328,
  "fields": {
    "barber": 7,
    "date": "2026-06-16",
    "time": "15:00:00",
    "is_booked": false
  }
},
{
  "model": "barbers.timeslot",
  "pk": 329,
  "fields": {
    "barber": 7,
    "date": "2026-06-16",
    "time": "18:00:00",
    "is_booked": false
  }
},
{
  "model": "barbers.timeslot",
  "pk": 330,
  "fields": {
    "barber": 7,
    "date": "2026-06-16",
    "time": "16:30:00",
    "is_booked": false
  }
},
{
  "model": "barbers.timeslot",
  "pk": 331,
  "fields": {
    "barber": 7,
    "date": "2026-06-16",
    "time": "19:30:00",
    "is_booked": false
  }
},
{
  "model": "barbers.timeslot",
  "pk": 332,
  "fields": {
    "barber": 7,
    "date": "2026-06-16",
    "time": "19:00:00",
    "is_booked": false
  }
},
{
  "model": "barbers.timeslot",
  "pk": 333,
  "fields": {
    "barber": 7,
    "date": "2026-06-18",
    "time": "10:00:00",
    "is_booked": false
  }
},
{
  "model": "barbers.timeslot",
  "pk": 334,
  "fields": {
    "barber": 7,
    "date": "2026-06-18",
    "time": "10:30:00",
    "is_booked": false
  }
},
{
  "model": "barbers.timeslot",
  "pk": 335,
  "fields": {
    "barber": 7,
    "date": "2026-06-18",
    "time": "11:00:00",
    "is_booked": false
  }
},
{
  "model": "barbers.timeslot",
  "pk": 336,
  "fields": {
    "barber": 7,
    "date": "2026-06-18",
    "time": "12:00:00",
    "is_booked": false
  }
},
{
  "model": "barbers.timeslot",
  "pk": 337,
  "fields": {
    "barber": 7,
    "date": "2026-06-18",
    "time": "12:30:00",
    "is_booked": false
  }
},
{
  "model": "barbers.timeslot",
  "pk": 338,
  "fields": {
    "barber": 7,
    "date": "2026-06-18",
    "time": "13:00:00",
    "is_booked": false
  }
},
{
  "model": "barbers.timeslot",
  "pk": 339,
  "fields": {
    "barber": 7,
    "date": "2026-06-18",
    "time": "14:00:00",
    "is_booked": false
  }
},
{
  "model": "barbers.timeslot",
  "pk": 340,
  "fields": {
    "barber": 7,
    "date": "2026-06-18",
    "time": "14:30:00",
    "is_booked": false
  }
},
{
  "model": "barbers.timeslot",
  "pk": 341,
  "fields": {
    "barber": 7,
    "date": "2026-06-18",
    "time": "15:00:00",
    "is_booked": false
  }
},
{
  "model": "barbers.timeslot",
  "pk": 342,
  "fields": {
    "barber": 7,
    "date": "2026-06-18",
    "time": "16:00:00",
    "is_booked": false
  }
},
{
  "model": "barbers.timeslot",
  "pk": 343,
  "fields": {
    "barber": 7,
    "date": "2026-06-18",
    "time": "17:30:00",
    "is_booked": false
  }
},
{
  "model": "barbers.timeslot",
  "pk": 344,
  "fields": {
    "barber": 7,
    "date": "2026-06-18",
    "time": "19:30:00",
    "is_booked": false
  }
},
{
  "model": "barbers.timeslot",
  "pk": 345,
  "fields": {
    "barber": 7,
    "date": "2026-06-18",
    "time": "19:00:00",
    "is_booked": false
  }
},
{
  "model": "barbers.timeslot",
  "pk": 346,
  "fields": {
    "barber": 7,
    "date": "2026-06-19",
    "time": "10:30:00",
    "is_booked": false
  }
},
{
  "model": "barbers.timeslot",
  "pk": 347,
  "fields": {
    "barber": 7,
    "date": "2026-06-19",
    "time": "11:00:00",
    "is_booked": false
  }
},
{
  "model": "barbers.timeslot",
  "pk": 348,
  "fields": {
    "barber": 7,
    "date": "2026-06-19",
    "time": "11:30:00",
    "is_booked": false
  }
},
{
  "model": "barbers.timeslot",
  "pk": 349,
  "fields": {
    "barber": 7,
    "date": "2026-06-19",
    "time": "12:30:00",
    "is_booked": false
  }
},
{
  "model": "barbers.timeslot",
  "pk": 350,
  "fields": {
    "barber": 7,
    "date": "2026-06-19",
    "time": "13:00:00",
    "is_booked": false
  }
},
{
  "model": "barbers.timeslot",
  "pk": 351,
  "fields": {
    "barber": 7,
    "date": "2026-06-19",
    "time": "13:30:00",
    "is_booked": false
  }
},
{
  "model": "barbers.timeslot",
  "pk": 352,
  "fields": {
    "barber": 7,
    "date": "2026-06-19",
    "time": "14:00:00",
    "is_booked": false
  }
},
{
  "model": "barbers.timeslot",
  "pk": 353,
  "fields": {
    "barber": 7,
    "date": "2026-06-19",
    "time": "15:30:00",
    "is_booked": false
  }
},
{
  "model": "barbers.timeslot",
  "pk": 354,
  "fields": {
    "barber": 7,
    "date": "2026-06-19",
    "time": "18:00:00",
    "is_booked": false
  }
},
{
  "model": "barbers.timeslot",
  "pk": 355,
  "fields": {
    "barber": 7,
    "date": "2026-06-19",
    "time": "16:00:00",
    "is_booked": false
  }
},
{
  "model": "barbers.timeslot",
  "pk": 356,
  "fields": {
    "barber": 7,
    "date": "2026-06-19",
    "time": "12:00:00",
    "is_booked": false
  }
},
{
  "model": "barbers.timeslot",
  "pk": 357,
  "fields": {
    "barber": 7,
    "date": "2026-06-19",
    "time": "14:30:00",
    "is_booked": false
  }
},
{
  "model": "barbers.timeslot",
  "pk": 358,
  "fields": {
    "barber": 7,
    "date": "2026-06-20",
    "time": "10:00:00",
    "is_booked": false
  }
},
{
  "model": "barbers.timeslot",
  "pk": 359,
  "fields": {
    "barber": 7,
    "date": "2026-06-20",
    "time": "10:30:00",
    "is_booked": false
  }
},
{
  "model": "barbers.timeslot",
  "pk": 360,
  "fields": {
    "barber": 7,
    "date": "2026-06-20",
    "time": "11:00:00",
    "is_booked": false
  }
},
{
  "model": "barbers.timeslot",
  "pk": 361,
  "fields": {
    "barber": 7,
    "date": "2026-06-20",
    "time": "11:30:00",
    "is_booked": false
  }
},
{
  "model": "barbers.timeslot",
  "pk": 362,
  "fields": {
    "barber": 7,
    "date": "2026-06-20",
    "time": "13:00:00",
    "is_booked": false
  }
},
{
  "model": "barbers.timeslot",
  "pk": 363,
  "fields": {
    "barber": 7,
    "date": "2026-06-20",
    "time": "13:30:00",
    "is_booked": false
  }
},
{
  "model": "barbers.timeslot",
  "pk": 364,
  "fields": {
    "barber": 7,
    "date": "2026-06-20",
    "time": "14:00:00",
    "is_booked": false
  }
},
{
  "model": "barbers.timeslot",
  "pk": 365,
  "fields": {
    "barber": 7,
    "date": "2026-06-20",
    "time": "14:30:00",
    "is_booked": false
  }
},
{
  "model": "barbers.timeslot",
  "pk": 366,
  "fields": {
    "barber": 7,
    "date": "2026-06-20",
    "time": "15:00:00",
    "is_booked": false
  }
},
{
  "model": "barbers.timeslot",
  "pk": 367,
  "fields": {
    "barber": 7,
    "date": "2026-06-20",
    "time": "15:30:00",
    "is_booked": false
  }
},
{
  "model": "barbers.timeslot",
  "pk": 368,
  "fields": {
    "barber": 7,
    "date": "2026-06-20",
    "time": "16:00:00",
    "is_booked": false
  }
},
{
  "model": "barbers.timeslot",
  "pk": 369,
  "fields": {
    "barber": 7,
    "date": "2026-06-20",
    "time": "17:00:00",
    "is_booked": false
  }
},
{
  "model": "barbers.timeslot",
  "pk": 370,
  "fields": {
    "barber": 7,
    "date": "2026-06-20",
    "time": "18:00:00",
    "is_booked": false
  }
},
{
  "model": "barbers.timeslot",
  "pk": 371,
  "fields": {
    "barber": 7,
    "date": "2026-06-20",
    "time": "18:30:00",
    "is_booked": false
  }
},
{
  "model": "barbers.timeslot",
  "pk": 372,
  "fields": {
    "barber": 7,
    "date": "2026-06-20",
    "time": "19:00:00",
    "is_booked": false
  }
},
{
  "model": "barbers.timeslot",
  "pk": 373,
  "fields": {
    "barber": 7,
    "date": "2026-06-20",
    "time": "19:30:00",
    "is_booked": false
  }
},
{
  "model": "barbers.timeslot",
  "pk": 374,
  "fields": {
    "barber": 7,
    "date": "2026-06-21",
    "time": "12:00:00",
    "is_booked": false
  }
},
{
  "model": "barbers.timeslot",
  "pk": 375,
  "fields": {
    "barber": 7,
    "date": "2026-06-21",
    "time": "11:30:00",
    "is_booked": false
  }
},
{
  "model": "barbers.timeslot",
  "pk": 376,
  "fields": {
    "barber": 7,
    "date": "2026-06-21",
    "time": "11:00:00",
    "is_booked": false
  }
},
{
  "model": "barbers.timeslot",
  "pk": 377,
  "fields": {
    "barber": 7,
    "date": "2026-06-21",
    "time": "13:00:00",
    "is_booked": false
  }
},
{
  "model": "barbers.timeslot",
  "pk": 378,
  "fields": {
    "barber": 7,
    "date": "2026-06-21",
    "time": "15:00:00",
    "is_booked": false
  }
},
{
  "model": "barbers.timeslot",
  "pk": 379,
  "fields": {
    "barber": 7,
    "date": "2026-06-21",
    "time": "15:30:00",
    "is_booked": false
  }
},
{
  "model": "barbers.timeslot",
  "pk": 380,
  "fields": {
    "barber": 7,
    "date": "2026-06-21",
    "time": "16:30:00",
    "is_booked": false
  }
},
{
  "model": "barbers.timeslot",
  "pk": 381,
  "fields": {
    "barber": 7,
    "date": "2026-06-21",
    "time": "17:30:00",
    "is_booked": false
  }
},
{
  "model": "barbers.timeslot",
  "pk": 382,
  "fields": {
    "barber": 7,
    "date": "2026-06-21",
    "time": "18:30:00",
    "is_booked": false
  }
},
{
  "model": "barbers.timeslot",
  "pk": 383,
  "fields": {
    "barber": 7,
    "date": "2026-06-21",
    "time": "19:00:00",
    "is_booked": false
  }
},
{
  "model": "barbers.timeslot",
  "pk": 384,
  "fields": {
    "barber": 7,
    "date": "2026-06-23",
    "time": "10:00:00",
    "is_booked": false
  }
},
{
  "model": "barbers.timeslot",
  "pk": 385,
  "fields": {
    "barber": 7,
    "date": "2026-06-23",
    "time": "10:30:00",
    "is_booked": false
  }
},
{
  "model": "barbers.timeslot",
  "pk": 386,
  "fields": {
    "barber": 7,
    "date": "2026-06-23",
    "time": "11:00:00",
    "is_booked": false
  }
},
{
  "model": "barbers.timeslot",
  "pk": 387,
  "fields": {
    "barber": 7,
    "date": "2026-06-23",
    "time": "12:00:00",
    "is_booked": false
  }
},
{
  "model": "barbers.timeslot",
  "pk": 388,
  "fields": {
    "barber": 7,
    "date": "2026-06-23",
    "time": "12:30:00",
    "is_booked": false
  }
},
{
  "model": "barbers.timeslot",
  "pk": 389,
  "fields": {
    "barber": 7,
    "date": "2026-06-23",
    "time": "14:00:00",
    "is_booked": false
  }
},
{
  "model": "barbers.timeslot",
  "pk": 390,
  "fields": {
    "barber": 7,
    "date": "2026-06-23",
    "time": "16:00:00",
    "is_booked": false
  }
},
{
  "model": "barbers.timeslot",
  "pk": 391,
  "fields": {
    "barber": 7,
    "date": "2026-06-23",
    "time": "15:30:00",
    "is_booked": false
  }
},
{
  "model": "barbers.timeslot",
  "pk": 392,
  "fields": {
    "barber": 7,
    "date": "2026-06-23",
    "time": "17:30:00",
    "is_booked": false
  }
},
{
  "model": "barbers.timeslot",
  "pk": 393,
  "fields": {
    "barber": 7,
    "date": "2026-06-23",
    "time": "18:00:00",
    "is_booked": false
  }
},
{
  "model": "barbers.timeslot",
  "pk": 394,
  "fields": {
    "barber": 7,
    "date": "2026-06-23",
    "time": "18:30:00",
    "is_booked": false
  }
},
{
  "model": "barbers.timeslot",
  "pk": 395,
  "fields": {
    "barber": 7,
    "date": "2026-06-23",
    "time": "19:00:00",
    "is_booked": false
  }
},
{
  "model": "barbers.timeslot",
  "pk": 396,
  "fields": {
    "barber": 7,
    "date": "2026-06-23",
    "time": "19:30:00",
    "is_booked": false
  }
},
{
  "model": "barbers.timeslot",
  "pk": 397,
  "fields": {
    "barber": 7,
    "date": "2026-06-24",
    "time": "10:00:00",
    "is_booked": false
  }
},
{
  "model": "barbers.timeslot",
  "pk": 398,
  "fields": {
    "barber": 7,
    "date": "2026-06-24",
    "time": "10:30:00",
    "is_booked": false
  }
},
{
  "model": "barbers.timeslot",
  "pk": 399,
  "fields": {
    "barber": 7,
    "date": "2026-06-24",
    "time": "11:00:00",
    "is_booked": false
  }
},
{
  "model": "barbers.timeslot",
  "pk": 400,
  "fields": {
    "barber": 7,
    "date": "2026-06-24",
    "time": "11:30:00",
    "is_booked": false
  }
},
{
  "model": "barbers.timeslot",
  "pk": 401,
  "fields": {
    "barber": 7,
    "date": "2026-06-24",
    "time": "12:00:00",
    "is_booked": false
  }
},
{
  "model": "barbers.timeslot",
  "pk": 402,
  "fields": {
    "barber": 7,
    "date": "2026-06-24",
    "time": "13:00:00",
    "is_booked": false
  }
},
{
  "model": "barbers.timeslot",
  "pk": 403,
  "fields": {
    "barber": 7,
    "date": "2026-06-24",
    "time": "13:30:00",
    "is_booked": false
  }
},
{
  "model": "barbers.timeslot",
  "pk": 404,
  "fields": {
    "barber": 7,
    "date": "2026-06-24",
    "time": "15:00:00",
    "is_booked": false
  }
},
{
  "model": "barbers.timeslot",
  "pk": 405,
  "fields": {
    "barber": 7,
    "date": "2026-06-24",
    "time": "16:00:00",
    "is_booked": false
  }
},
{
  "model": "barbers.timeslot",
  "pk": 406,
  "fields": {
    "barber": 7,
    "date": "2026-06-24",
    "time": "17:00:00",
    "is_booked": false
  }
},
{
  "model": "barbers.timeslot",
  "pk": 407,
  "fields": {
    "barber": 7,
    "date": "2026-06-24",
    "time": "17:30:00",
    "is_booked": false
  }
},
{
  "model": "barbers.timeslot",
  "pk": 408,
  "fields": {
    "barber": 7,
    "date": "2026-06-24",
    "time": "18:00:00",
    "is_booked": false
  }
},
{
  "model": "barbers.timeslot",
  "pk": 409,
  "fields": {
    "barber": 7,
    "date": "2026-06-24",
    "time": "14:30:00",
    "is_booked": false
  }
},
{
  "model": "services.category",
  "pk": 4,
  "fields": {
    "name": "Стрижки",
    "slug": "strizhki",
    "icon": ""
  }
},
{
  "model": "services.category",
  "pk": 5,
  "fields": {
    "name": "Борода и Бритье",
    "slug": "boroda-i-brite",
    "icon": ""
  }
},
{
  "model": "services.category",
  "pk": 6,
  "fields": {
    "name": "Уход и Ритуалы",
    "slug": "uhod-i-ritualy",
    "icon": ""
  }
},
{
  "model": "services.category",
  "pk": 7,
  "fields": {
    "name": "Камуфляж и Цвет",
    "slug": "kamuflyazh-i-cvet",
    "icon": ""
  }
},
{
  "model": "services.category",
  "pk": 8,
  "fields": {
    "name": "Детали и Акценты",
    "slug": "detali-i-akcenty",
    "icon": ""
  }
},
{
  "model": "services.service",
  "pk": 23,
  "fields": {
    "category": 4,
    "barber": null,
    "name": "Мужская стрижка",
    "slug": "muzhskaya-strizhka",
    "subtitle": "Безупречная форма и персональный стиль для вашего образа.",
    "description": "Стрижка",
    "image": "services/Мужская_стрижка.jpg",
    "is_active": true,
    "created_at": "2026-05-12T16:45:49.864Z"
  }
},
{
  "model": "services.service",
  "pk": 24,
  "fields": {
    "category": 4,
    "barber": null,
    "name": "Контурный переход",
    "slug": "konturnyj-perehod",
    "subtitle": "Ювелирная работа с длиной волос для создания идеально плавного силуэта.",
    "description": "Контурный переход",
    "image": "services/Фейд.jpg",
    "is_active": true,
    "created_at": "2026-05-12T16:59:13.879Z"
  }
},
{
  "model": "services.service",
  "pk": 25,
  "fields": {
    "category": 4,
    "barber": null,
    "name": "Стрижка машинкой",
    "slug": "strizhka-mashinkoj",
    "subtitle": "Лаконичный выбор для тех, кто ценит максимальную практичность и короткую длину.",
    "description": "Стрижка машинкой",
    "image": "services/Стрижка_машинкой.png",
    "is_active": true,
    "created_at": "2026-05-12T17:03:09.084Z"
  }
},
{
  "model": "services.service",
  "pk": 26,
  "fields": {
    "category": 4,
    "barber": null,
    "name": "Детская стрижка",
    "slug": "detskaya-strizhka",
    "subtitle": "Закладываем основы стиля и мужских традиций с самого детства.",
    "description": "Детская стрижка",
    "image": "services/Детская_стрижка.png",
    "is_active": true,
    "created_at": "2026-05-12T17:11:50.745Z"
  }
},
{
  "model": "services.service",
  "pk": 27,
  "fields": {
    "category": 5,
    "barber": null,
    "name": "Стрижка бороды и усов",
    "slug": "strizhka-borody-i-usov",
    "subtitle": "Придаем вашей бороде четкую форму и опрятный вид без лишних компромиссов.",
    "description": "Стрижка бороды и усов",
    "image": "services/Стрижка_бороды_и_усов.png",
    "is_active": true,
    "created_at": "2026-05-12T17:15:22.729Z"
  }
},
{
  "model": "services.service",
  "pk": 28,
  "fields": {
    "category": 5,
    "barber": null,
    "name": "Моделирование бороды и усов",
    "slug": "modelirovanie-borody-i-usov",
    "subtitle": "Создание персональной архитектуры вашей бороды с элементами классического бритья.",
    "description": "Моделирование бороды и усов",
    "image": "services/Моделирование_бороды_и_усов.jpg",
    "is_active": true,
    "created_at": "2026-05-12T17:19:26.023Z"
  }
},
{
  "model": "services.service",
  "pk": 29,
  "fields": {
    "category": 5,
    "barber": null,
    "name": "Королевское бритье",
    "slug": "korolevskoe-brite",
    "subtitle": "Статусный ритуал для истинных ценителей гладкости и традиций классического бритья.",
    "description": "Королевское бритье",
    "image": "services/Королевское_бритье.png",
    "is_active": true,
    "created_at": "2026-05-12T17:25:42.584Z"
  }
},
{
  "model": "services.service",
  "pk": 30,
  "fields": {
    "category": 6,
    "barber": null,
    "name": "SPA-уход «Офицерский месс»",
    "slug": "spa-uhod-oficerskij-mess",
    "subtitle": "Глубокое очищение и экспресс-восстановление тонуса кожи.",
    "description": "SPA-уход «Офицерский месс»",
    "image": "services/ChatGPT_Image_11_июн._2026_г._09_41_32.png",
    "is_active": true,
    "created_at": "2026-06-11T05:56:53.869Z"
  }
},
{
  "model": "services.service",
  "pk": 31,
  "fields": {
    "category": 6,
    "barber": null,
    "name": "Детокс кожи головы",
    "slug": "detoks-kozhi-golovy",
    "subtitle": "Глубокое очищение, борьба с раздражением и стимуляция роста волос.",
    "description": "Детокс кожи головы",
    "image": "services/ChatGPT_Image_11_июн._2026_г._10_00_24.png",
    "is_active": true,
    "created_at": "2026-06-11T06:01:31.631Z"
  }
},
{
  "model": "services.service",
  "pk": 32,
  "fields": {
    "category": 6,
    "barber": null,
    "name": "Эликсир «Ясный взгляд»",
    "slug": "eliksir-yasnyj-vzglyad",
    "subtitle": "Экспресс-уход вокруг глаз с патчами и сывороткой RHEA против следов усталости.",
    "description": "Эликсир «Ясный взгляд»",
    "image": "services/ChatGPT_Image_11_июн._2026_г._10_05_38.png",
    "is_active": true,
    "created_at": "2026-06-11T06:05:27.731Z"
  }
},
{
  "model": "services.service",
  "pk": 33,
  "fields": {
    "category": 7,
    "barber": null,
    "name": "Камуфляж седины (Голова/Борода)",
    "slug": "kamuflyazh-sediny-golovaboroda",
    "subtitle": "Естественное скрытие седины и возвращение родного оттенка за 15 минут.",
    "description": "Камуфляж седины (Голова/Борода)",
    "image": "services/ChatGPT_Image_12_июн._2026_г._12_41_25.png",
    "is_active": true,
    "created_at": "2026-06-11T06:13:54.256Z"
  }
},
{
  "model": "services.service",
  "pk": 34,
  "fields": {
    "category": 7,
    "barber": null,
    "name": "Тонирование / Яркое окрашивание",
    "slug": "tonirovanie-yarkoe-okrashivanie",
    "subtitle": "Смена имиджа или создание сочного цветового акцента на волосах.",
    "description": "Тонирование / Яркое окрашивание",
    "image": "services/ChatGPT_Image_12_июн._2026_г._12_45_48.png",
    "is_active": true,
    "created_at": "2026-06-12T08:47:45.199Z"
  }
},
{
  "model": "services.service",
  "pk": 35,
  "fields": {
    "category": 8,
    "barber": null,
    "name": "Окантовка",
    "slug": "okantovka",
    "subtitle": "Экспресс-коррекция контуров для поддержания свежего вида между стрижками.",
    "description": "Окантовка",
    "image": "services/ChatGPT_Image_12_июн._2026_г._12_50_34.png",
    "is_active": true,
    "created_at": "2026-06-12T08:51:04.339Z"
  }
},
{
  "model": "services.service",
  "pk": 36,
  "fields": {
    "category": 8,
    "barber": null,
    "name": "Удаление волос воском",
    "slug": "udalenie-volos-voskom",
    "subtitle": "Быстрое и эффективное избавление от нежелательных волос на лице.",
    "description": "Удаление волос воском",
    "image": "services/ChatGPT_Image_12_июн._2026_г._12_53_28.png",
    "is_active": true,
    "created_at": "2026-06-12T08:54:23.861Z"
  }
},
{
  "model": "services.service",
  "pk": 37,
  "fields": {
    "category": 8,
    "barber": null,
    "name": "Мужская укладка",
    "slug": "muzhskaya-ukladka",
    "subtitle": "Профессиональный стайлинг и мытье головы для идеального образа на любое событие.",
    "description": "Мужская укладка",
    "image": "services/ChatGPT_Image_12_июн._2026_г._12_56_36.png",
    "is_active": true,
    "created_at": "2026-06-12T08:56:43.058Z"
  }
},
{
  "model": "services.servicevariant",
  "pk": 25,
  "fields": {
    "service": 23,
    "barber_level": "Матрос",
    "price": "900.00",
    "duration_minutes": 60,
    "description": "Перед началом выполнения услуги барбер выслушает ваши пожелания. В процесс выполнения услуги входит мытьё головы до и после, непосредственно стрижка волос и финишная укладка с использованием стайлинговых средств. Матрос — это мастер, успешно прошедший обучение и идеально владеющий базовым арсеналом техник нашего барбершопа. Он выполнит работу чисто, аккуратно и строго по канону. Это выбор для тех, кто ценит качественный технический результат, проверенную временем классику и демократичный прайс."
  }
},
{
  "model": "services.servicevariant",
  "pk": 26,
  "fields": {
    "service": 23,
    "barber_level": "Шкипер",
    "price": "1200.00",
    "duration_minutes": 60,
    "description": "Перед началом услуги барбер выслушает ваши пожелания. В процесс входит мытьё головы до и после, стрижка и финишная укладка. Шкипер — опытный специалист с твердой рукой. Он проведет детальную консультацию, учитывая анатомию лица и структуру волос. Благодаря широкой практике, Шкипер легко адаптирует сложные техники под ваш стиль и даст точные рекомендации по уходу. Это идеальный баланс между мастерством и индивидуальным подходом для тех, кто ценит уверенность в результате и экспертный взгляд."
  }
},
{
  "model": "services.servicevariant",
  "pk": 27,
  "fields": {
    "service": 23,
    "barber_level": "Капитан",
    "price": "1500.00",
    "duration_minutes": 60,
    "description": "Перед началом выполнения услуги барбер выслушает ваши пожелания. В процесс выполнения услуги входит мытьё головы до и после, непосредственно стрижка волос и финишная укладка с использованием стайлинговых средств. Капитан — эксперт высшей категории и лидер команды. Он создает не просто стрижку, а полноценный имидж, владея авторскими техниками. В услугу входит экспертный подбор стиля, использование премиального ухода и возможность создания медиа-контента. Это выбор для тех, кто требует безупречности в каждой детали и ценит персональное внимание а"
  }
},
{
  "model": "services.servicevariant",
  "pk": 28,
  "fields": {
    "service": 24,
    "barber_level": "Матрос",
    "price": "1000.00",
    "duration_minutes": 70,
    "description": "Перед началом услуги мастер уточнит ваши предпочтения. Процесс включает мытьё головы, создание плавного перехода от кожи и финальную укладку. Матрос — мастер, владеющий базовой техникой сведения длины «на нет». Он выполнит работу аккуратно и дисциплинированно, уделяя внимание чистоте каждой линии. Это отличный выбор для тех, кто ищет качественное исполнение современной техники по доступной цене. Мастер работает в спокойном темпе, чтобы обеспечить максимальную точность результата."
  }
},
{
  "model": "services.servicevariant",
  "pk": 29,
  "fields": {
    "service": 24,
    "barber_level": "Шкипер",
    "price": "1300.00",
    "duration_minutes": 60,
    "description": "Перед началом услуги мастер уточнит ваши предпочтения. Процесс включает мытьё головы, создание плавного перехода и финальную укладку. Шкипер — опытный специалист, который подберет оптимальную высоту перехода, исходя из формы вашей головы и структуры волос. Благодаря уверенной технике, мастер создает безупречный силуэт, который сохраняет опрятность даже спустя время. Это выбор для тех, кто ценит профессиональный взгляд, высокую скорость работы и индивидуальный подход к деталям образа."
  }
},
{
  "model": "services.servicevariant",
  "pk": 30,
  "fields": {
    "service": 24,
    "barber_level": "Капитан",
    "price": "1600.00",
    "duration_minutes": 60,
    "description": "Перед началом услуги мастер уточнит ваши предпочтения. Процесс включает мытьё головы, создание плавного перехода и финальную укладку. Капитан — эксперт высшего класса, создающий эталонную чистоту линий. Его работа отличается филигранной техникой и авторским видением мужского стиля. В стоимость включен премиальный уход, экспертная консультация амбассадора бренда и возможность создания медиа-контента. Выбор тех, кто доверяет свой имидж лидеру экипажа и стремится к совершенству в каждой детали."
  }
},
{
  "model": "services.servicevariant",
  "pk": 31,
  "fields": {
    "service": 25,
    "barber_level": "Матрос",
    "price": "700.00",
    "duration_minutes": 30,
    "description": "Базовая услуга для тех, кто ставит практичность на первое место. Матрос выполнит ровный проход машинкой, используя до двух насадок, и приведет в порядок контуры. Это честная работа без лишних изысков: вы получите предсказуемый и опрятный вид за минимальное время. Идеальный способ освежить образ и чувствовать себя уверенно. Мытьё головы до и после процедуры включено в стоимость, чтобы вы покинули кресло полностью готовым к продолжению дня."
  }
},
{
  "model": "services.servicevariant",
  "pk": 32,
  "fields": {
    "service": 25,
    "barber_level": "Шкипер",
    "price": "900.00",
    "duration_minutes": 30,
    "description": "Опытный взгляд Шкипера позволяет превратить простую стрижку под насадку в выверенную форму. Мастер учитывает рельеф головы и плотность волос, работая уверенно и точно. Шкипер подберет нужную высоту среза так, чтобы стрижка не просто была короткой, но и выигрышно подчеркивала черты лица. Вы получаете крепкую мужскую классику от профессионала, который знает, как заставить даже простую прическу выглядеть дорого и стильно."
  }
},
{
  "model": "services.servicevariant",
  "pk": 33,
  "fields": {
    "service": 25,
    "barber_level": "Капитан",
    "price": "1100.00",
    "duration_minutes": 30,
    "description": "Высший пилотаж в работе с машинкой. Капитан превращает утилитарную стрижку в эталон мужского стиля. Здесь важна безукоризненная чистота каждой линии и плотность тушевки. Мастер использует свой многолетний опыт, чтобы форма оставалась монолитной и сохраняла вид максимально долго. В стоимость входит консультация лидера экипажа по уходу за кожей головы и возможность съемки процесса. Это выбор тех, кто не признает компромиссов даже в самых лаконичных решениях."
  }
},
{
  "model": "services.servicevariant",
  "pk": 34,
  "fields": {
    "service": 26,
    "barber_level": "Матрос",
    "price": "800.00",
    "duration_minutes": 60,
    "description": "Мы принимаем юных джентльменов от 5 до 11 лет. Матрос — это молодой и терпеливый мастер, который аккуратно выполнит базовую стрижку, прислушиваясь к пожеланиям родителей и самого ребенка. Процесс проходит в спокойном темпе, чтобы гость привык к креслу и инструментам. В услугу входит бережное мытье головы и легкая укладка. Это отличный способ получить качественный результат без лишнего стресса и по доступной цене. Первая ступень в формировании правильного имиджа будущего мужчины."
  }
},
{
  "model": "services.servicevariant",
  "pk": 35,
  "fields": {
    "service": 26,
    "barber_level": "Шкипер",
    "price": "1000.00",
    "duration_minutes": 50,
    "description": "Шкипер знает, как усмирить даже самые непослушные вихры и найти общий язык с ребенком. Благодаря солидному опыту, мастер работает быстро и уверенно, что особенно важно для активных детей. Он предложит стрижку, которая будет не только модной, но и удобной: она сохранит форму в движении и не потребует сложной укладки по утрам. Это профессиональный подход к детскому стилю, где учитываются черты лица и структура волос для создания по-настоящему гармоничного и взрослого образа."
  }
},
{
  "model": "services.servicevariant",
  "pk": 36,
  "fields": {
    "service": 26,
    "barber_level": "Капитан",
    "price": "1200.00",
    "duration_minutes": 50,
    "description": "Эксклюзивный сервис для тех, кто ценит мастерство высшего ранга. Капитан — лидер команды, способный реализовать даже самую сложную и трендовую задумку. Он работает с ювелирной точностью, создавая образы, достойные обложек журналов. В стоимость включен премиальный уход и возможность сделать качественные фото или видео процесса. Выбор родителей, которые доверяют амбассадору бренда создание безупречного стиля для своего наследника и хотят превратить обычный визит в барбершоп в яркое событие."
  }
},
{
  "model": "services.servicevariant",
  "pk": 37,
  "fields": {
    "service": 27,
    "barber_level": "Матрос",
    "price": "600.00",
    "duration_minutes": 40,
    "description": "Базовая коррекция для тех, кто ценит опрятность. Матрос поможет убрать лишнюю длину и освежить контуры вашей бороды и усов с помощью машинок и триммеров. Мастер работает аккуратно, строго следуя вашим пожеланиям и стандартам чистоты нашего барбершопа. В услугу входит консультация и использование профессионального масла или бальзама для фиксации результата. Это надежный и быстрый способ вернуть лицу ухоженный вид по самому доступному прайсу в нашем экипаже."
  }
},
{
  "model": "services.servicevariant",
  "pk": 38,
  "fields": {
    "service": 27,
    "barber_level": "Шкипер",
    "price": "800.00",
    "duration_minutes": 30,
    "description": "Шкипер смотрит на бороду как на важную часть вашего силуэта. Мастер не просто состригает лишнее, а выстраивает гармоничную форму, исходя из особенностей роста волос и геометрии лица. Благодаря уверенному владению инструментом, работа проходит быстрее, а линии становятся более четкими и выразительными. Шкипер подберет правильную косметику и даст практичные советы, как поддерживать форму в домашних условиях. Оптимальный выбор для тех, кто ценит твердую руку и профессиональный взгляд."
  }
},
{
  "model": "services.servicevariant",
  "pk": 39,
  "fields": {
    "service": 27,
    "barber_level": "Капитан",
    "price": "1000.00",
    "duration_minutes": 30,
    "description": "Высшая экспертиза в оформлении бороды. Капитан создает эталонный контур, доводя каждую линию до идеала. Мастер использует свой колоссальный опыт, чтобы скрыть недостатки и подчеркнуть волевые черты лица, создавая по-настоящему статусный образ. В стоимость включен уход премиальными средствами и персональные рекомендации от лидера команды. Выбор тех, кто не согласен на меньшее, чем безупречный результат, и ценит индивидуальный подход амбассадора бренда к каждой детали имиджа."
  }
},
{
  "model": "services.servicevariant",
  "pk": 40,
  "fields": {
    "service": 28,
    "barber_level": "Матрос",
    "price": "800.00",
    "duration_minutes": 50,
    "description": "Процедура включает в себя построение формы бороды и работу опасной бритвой для чистоты контуров. Матрос — это мастер, который дисциплинированно выполнит все этапы: от стрижки триммером до деликатного удаления волос на щеках и шее. Это отличный выбор, чтобы впервые попробовать ритуал моделирования и получить опрятный, свежий вид. Мастер работает без спешки, уделяя внимание каждому движению, чтобы результат соответствовал стандартам нашего экипажа, а ваша борода обрела четкие и правильные границы."
  }
},
{
  "model": "services.servicevariant",
  "pk": 41,
  "fields": {
    "service": 28,
    "barber_level": "Шкипер",
    "price": "1000.00",
    "duration_minutes": 45,
    "description": "Шкипер обладает «насмотренностью», позволяющей подобрать форму бороды, которая визуально скорректирует черты лица и подчеркнет его мужественность. Услуга включает распаривание, работу опасной бритвой и точную проработку усов. Мастер уверенно владеет клинком, создавая острые линии контура, которые будут отрастать максимально аккуратно. Это профессиональный подход для тех, кто ищет баланс между классическим ритуалом бритья и современным стилем. Вы получите не просто уход, а выверенный навигационный план вашего имиджа."
  }
},
{
  "model": "services.servicevariant",
  "pk": 42,
  "fields": {
    "service": 28,
    "barber_level": "Капитан",
    "price": "1200.00",
    "duration_minutes": 45,
    "description": "Высший ранг в искусстве владения бритвой и формой. Капитан создает эксклюзивную архитектуру бороды, превращая услугу в настоящий ритуал. Мастер использует премиальные средства для подготовки кожи и финишного ухода, добиваясь безупречной гладкости контуров. В стоимость входит экспертная консультация по коррекции овала лица с помощью бороды и возможность съемки процесса. Это выбор тех, кто доверяет свой стиль лидеру команды и хочет получить результат, подчеркивающий статус и волевой характер владельца."
  }
},
{
  "model": "services.servicevariant",
  "pk": 43,
  "fields": {
    "service": 29,
    "barber_level": "Матрос",
    "price": "1000.00",
    "duration_minutes": 50,
    "description": "Классический ритуал, включающий очищение, распаривание кожи горячим полотенцем и бритье опасной бритвой. Матрос — это мастер, строго соблюдающий технологию подготовки кожи и технику владения клинком. Он проведет процедуру бережно и аккуратно, обеспечивая чистоту бритья и комфорт на каждом этапе. Это отличная возможность познакомиться с традицией «королевского» ухода по доступной цене. В завершение мастер нанесет успокаивающий бальзам, чтобы кожа оставалась мягкой и без раздражений."
  }
},
{
  "model": "services.servicevariant",
  "pk": 44,
  "fields": {
    "service": 29,
    "barber_level": "Шкипер",
    "price": "1300.00",
    "duration_minutes": 40,
    "description": "Шкипер превращает бритье в уверенную и техничную процедуру. Мастер мастерски подготавливает кожу, используя профессиональные средства, чтобы лезвие шло максимально плавно. Благодаря наработанному опыту, Шкипер чувствует нажим и угол наклона бритвы, обеспечивая идеальную гладкость даже в самых сложных зонах. Это выбор для тех, кто ценит твердую руку профессионала и хочет получить максимум комфорта от классического ритуала. Завершающий холодный компресс и одеколон поставят эффектную точку в вашем образе."
  }
},
{
  "model": "services.servicevariant",
  "pk": 45,
  "fields": {
    "service": 29,
    "barber_level": "Капитан",
    "price": "1600.00",
    "duration_minutes": 40,
    "description": "Высший уровень мастерства и полное погружение в атмосферу классического барберинга. Капитан проводит ритуал с использованием премиальной косметики, уделяя внимание микроциркуляции и тонусу вашей кожи. Это не просто бритье, а сеанс релаксации, где каждое движение отточено годами практики. В стоимость входит экспертный подбор средств для домашнего ухода и возможность создания медиа-контента. Выбор тех, кто привык к сервису исключительного качества и доверяет свой комфорт лидеру экипажа Van Blade."
  }
},
{
  "model": "services.servicevariant",
  "pk": 46,
  "fields": {
    "service": 30,
    "barber_level": "Матрос",
    "price": "800.00",
    "duration_minutes": 40,
    "description": "В процесс выполнения услуги входит мягкое очищение, скрабирование кожи лица и нанесение увлажняющего крема. Матрос — это мастер, успешно прошедший обучение и идеально владеющий базовым регламентом ухода нашего барбершопа. Он выполнит все этапы процедуры чисто, аккуратно и строго по канону, чтобы снять следы усталости и освежить кожу. Отличный выбор для тех, кто ценит качественный технический результат, проверенную классику и демократичный прайс."
  }
},
{
  "model": "services.servicevariant",
  "pk": 47,
  "fields": {
    "service": 30,
    "barber_level": "Шкипер",
    "price": "1100.00",
    "duration_minutes": 40,
    "description": "В процесс входит глубокое очищение, тонизирование кожи и интенсивное увлажнение. Шкипер — опытный специалист с твердой рукой, который легко адаптирует уходовые средства под особенности и тип вашей кожи. Благодаря широкой практике, мастер дополнит процедуру легким массажем лица для улучшения микроциркуляции, что поможет быстро сузить поры и убрать следы стресса. Это идеальный баланс между мастерством и индивидуальным подходом для тех, кто ценит уверенность в результате."
  }
},
{
  "model": "services.servicevariant",
  "pk": 48,
  "fields": {
    "service": 30,
    "barber_level": "Капитан",
    "price": "1500.00",
    "duration_minutes": 35,
    "description": "В процесс выполнения входит премиальный SPA-ритуал: глубокое очищение, сужение пор и специальный тонизирующий лимфодренажный массаж лица. Капитан — эксперт высшей категории и лидер команды, создающий полноценное ощущение релакса с использованием премиальной косметики. Каждое движение отточено годами практики, что позволяет вернуть коже безупречный вид за минимальное время. В услугу входит экспертный подбор средств для домашнего ухода и возможность создания медиа-контента."
  }
},
{
  "model": "services.servicevariant",
  "pk": 49,
  "fields": {
    "service": 31,
    "barber_level": "Матрос",
    "price": "1000.00",
    "duration_minutes": 35,
    "description": "В процесс выполнения услуги входит деликатный пилинг, терапевтическое мытье волос и нанесение успокаивающего тоника. Матрос — это мастер, успешно прошедший обучение и идеально владеющий базовым регламентом очищения кожи в нашем барбершопе. Он проведет процедуру чисто, аккуратно и строго по канону, помогая устранить шелушение и глубоко очистить поры. Отличный выбор для тех, кто ценит качественный технический результат, проверенные временем протоколы ухода и демократичный прайс."
  }
},
{
  "model": "services.servicevariant",
  "pk": 50,
  "fields": {
    "service": 31,
    "barber_level": "Шкипер",
    "price": "1300.00",
    "duration_minutes": 35,
    "description": "В процесс входит глубокое очищение кожи пилингом, профессиональное терапевтическое мытье и успокаивающий уход. Шкипер — опытный специалист, который проведет осмотр и подберет состав средств, учитывая особенности вашей кожи. Благодаря широкой практике, мастер сопроводит мытье массажем волосистой части головы, что эффективно снимает раздражение, борется с перхотью и стимулирует приток крови для роста волос. Идеальный баланс между мастерством и индивидуальным подходом."
  }
},
{
  "model": "services.servicevariant",
  "pk": 51,
  "fields": {
    "service": 31,
    "barber_level": "Капитан",
    "price": "1600.00",
    "duration_minutes": 35,
    "description": "В услугу входит премиальный трихологический детокс-ритуал: глубокое очищение пилингом, терапевтический уход и интенсивный стимулирующий массаж. Капитан — эксперт высшей категории, использующий премиальные линейки косметики для полного оздоровления кожи головы. Процедура эффективно решает проблемы раздражения и перхоти, пробуждая волосяные луковицы. В стоимость входит экспертный подбор средств для домашнего ухода и возможность создания медиа-контента лидером экипажа Van Blade."
  }
},
{
  "model": "services.servicevariant",
  "pk": 52,
  "fields": {
    "service": 32,
    "barber_level": "Матрос",
    "price": "700.00",
    "duration_minutes": 20,
    "description": "Экспресс-процедура строится на последовательном очищении нежной зоны вокруг глаз, аппликации патчей и фиксации результата сывороткой RHEA. Матрос — это мастер, успешно прошедший обучение и идеально владеющий базовым регламентом ухода нашего барбершопа. Он выполнит работу чисто, аккуратно и строго по канону, помогая быстро убрать отечность и темные круги после «долгих вахт». Это выбор для тех, кто ценит качественный технический результат, надежную классику и демократичный прайс."
  }
},
{
  "model": "services.servicevariant",
  "pk": 53,
  "fields": {
    "service": 32,
    "barber_level": "Шкипер",
    "price": "950.00",
    "duration_minutes": 20,
    "description": "Вернуть свежесть уставшим глазам поможет точечный уход с использованием профессиональной косметики RHEA. Шкипер — опытный специалист с твердой рукой, который отлично знает специфику мужской кожи. Благодаря широкой практике, мастер дополнит действие патчей и сыворотки легким лимфодренажным массажем. Это значительно ускорит выведение лишней жидкости, сотрет следы ночных смен и тонизирует сосуды. Идеальный баланс между мастерством и индивидуальным подходом."
  }
},
{
  "model": "services.servicevariant",
  "pk": 54,
  "fields": {
    "service": 32,
    "barber_level": "Капитан",
    "price": "1200.00",
    "duration_minutes": 20,
    "description": "Премиальный ритуал мгновенного действия ликвидирует любые следы усталости за счет синергии сыворотки RHEA и патчей высшего качества. Капитан — эксперт высшей категории и лидер команды. Он проводит глубокое тонизирование кожи с помощью авторского микромассажа, добиваясь максимального эффекта свежести за минимальное время. По итогу процедуры вы получите полностью отдохнувший, открытый взгляд и профессиональный разбор индивидуальных рекомендаций для поддержания тонуса кожи в домашних условиях."
  }
},
{
  "model": "services.servicevariant",
  "pk": 55,
  "fields": {
    "service": 33,
    "barber_level": "Матрос",
    "price": "1100.00",
    "duration_minutes": 20,
    "description": "Избавиться от навязчивой седины без эффекта искусственного окрашивания поможет специальная тонирующая процедура. Матрос — это мастер, который идеально освоил базовую технику нанесения камуфлирующего состава и строго выдерживает временной регламент. Он аккуратно подберет оттенок под ваш естественный цвет волос, уберет контрастную седину и вернет образу былую свежесть. Практичное решение для тех, кто хочет получить чистый технический результат за минимальное время и по максимально доступной стоимости."
  }
},
{
  "model": "services.servicevariant",
  "pk": 56,
  "fields": {
    "service": 33,
    "barber_level": "Шкипер",
    "price": "1400.00",
    "duration_minutes": 15,
    "description": "Скрыть признаки возраста и мягко приглушить седые пряди позволит профессиональное тонирование. Шкипер — опытный специалист, обладающий глубоким пониманием колористики мужских волос. Он детально оценит структуру волоса и плотность седины, создав плавный, абсолютно незаметный переход цвета, который будет вымываться естественно и без рыжины. Отличный способ визуально скинуть 5–10 лет. Выбор тех, кто ищет уверенный баланс между экспертным подходом мастера и индивидуальным результатом."
  }
},
{
  "model": "services.servicevariant",
  "pk": 57,
  "fields": {
    "service": 33,
    "barber_level": "Капитан",
    "price": "1700.00",
    "duration_minutes": 15,
    "description": "Моментальное визуальное омоложение и ювелирная работа с цветом без компромиссов. Капитан — эксперт высшей категории, владеющий сложными техниками камуфляжа с учетом плотности бороды и стрижки. Используя премиальные линейки красителей, он создает благородный, глубокий оттенок, который выглядит на 100% естественно при любом освещении. Окружающие заметят лишь то, что вы отлично отдохнули и посвежели. Безупречное исполнение для мужчин, требующих идеального попадания в тон и максимальной скорости."
  }
},
{
  "model": "services.servicevariant",
  "pk": 58,
  "fields": {
    "service": 34,
    "barber_level": "Матрос",
    "price": "1500.00",
    "duration_minutes": 60,
    "description": "Добавить волосам насыщенности или полностью обновить привычный оттенок можно с помощью базового окрашивания. Матрос — мастер, успешно освоивший классические техники колористики и нанесения пигмента. Он ровно распределит краситель по всей длине волос, строго соблюдая технологические этапы, чтобы вы получили чистый и однородный цвет. Это практичный и надежный вариант для тех, кто хочет освежить стиль, попробовать новый монохромный тон и уложиться в демократичный бюджет."
  }
},
{
  "model": "services.servicevariant",
  "pk": 59,
  "fields": {
    "service": 34,
    "barber_level": "Шкипер",
    "price": "2200.00",
    "duration_minutes": 60,
    "description": "Кардинальная смена имиджа или создание плотного, сочного оттенка требует уверенной руки мастера. Шкипер — опытный специалист, который подберет идеальную концентрацию пигмента под ваш исходный цвет и тип волос. Благодаря широкой практике, он легко справляется со сложным тонированием и созданием ярких, нестандартных акцентов. Краситель ляжет ровно, а цвет будет вымываться мягко и предсказуемо. Оптимальный выбор для тех, кто ищет точное воплощение своих идей и экспертный взгляд на стиль."
  }
},
{
  "model": "services.servicevariant",
  "pk": 60,
  "fields": {
    "service": 34,
    "barber_level": "Капитан",
    "price": "3000.00",
    "duration_minutes": 60,
    "description": "Настоящее художественное преображение, создание сложных цветовых переходов и концептуальных ярких образов. Капитан — топ-колорист и лидер команды, способный реализовать окрашивание любой сложности без вреда для структуры волос. В работе используются исключительно премиальные щадящие составы и защитные комплексы. Мастер выстроит индивидуальную архитектуру цвета, которая подчеркнет текстуру стрижки и геометрию лица. Безупречное решение для тех, кто ценит эксклюзивный стиль и бескомпромиссное качество."
  }
},
{
  "model": "services.servicevariant",
  "pk": 61,
  "fields": {
    "service": 35,
    "barber_level": "Матрос",
    "price": "400.00",
    "duration_minutes": 15,
    "description": "Быстро вернуть прическе аккуратный вид можно с помощью базовой проработки краевой линии роста волос. Матрос — это мастер, идеально владеющий триммером и шевером для создания четких границ. Он уберет лишнюю длину на шее, очистит зону за ушами и освежит форму висков строго по канону. Процедура позволяет выглядеть опрятно, даже если основная стрижка еще не отросла. Отличный и экономичный способ поддержать ухоженность без лишних затрат."
  }
},
{
  "model": "services.servicevariant",
  "pk": 62,
  "fields": {
    "service": 35,
    "barber_level": "Шкипер",
    "price": "600.00",
    "duration_minutes": 15,
    "description": "Точная геометрия линий висков и шеи способна моментально продлить жизнь вашей привычной прическе. Шкипер — опытный специалист с твердой рукой, который адаптирует контуры под анатомические особенности вашей головы и направление роста волос. Мастер добьется идеальной симметрии и плавности перехода у краевых линий, убирая пушок и лишнюю густоту. Разумный выбор для тех, кто ценит экспертный взгляд на детали и безупречную аккуратность в любой ситуации."
  }
},
{
  "model": "services.servicevariant",
  "pk": 63,
  "fields": {
    "service": 35,
    "barber_level": "Капитан",
    "price": "800.00",
    "duration_minutes": 10,
    "description": "Ювелирная проработка контуров лица и шеи, доводящая ваш образ до абсолютного идеала за считанные минуты. Капитан — эксперт высшей категории, который создает безупречно четкие, графичные линии, идеально подчеркивающие геометрию стрижки и форму челюсти. В работе применяются флагманские инструменты и легкий уходовый штрих для защиты кожи от раздражения. Максимально быстрая и филигранная процедура для мужчин, которые не привыкли идти на компромиссы в вопросах своего стиля."
  }
},
{
  "model": "services.servicevariant",
  "pk": 64,
  "fields": {
    "service": 36,
    "barber_level": "Матрос",
    "price": "300.00",
    "duration_minutes": 15,
    "description": "Моментально избавиться от лишней растительности в зоне носа, ушей или межбровья поможет классическая процедура депиляции. Матрос — это мастер, четко следующий технике безопасности и температурному режиму при работе с воском. Он проведет удаление волос аккуратно, быстро и строго по регламенту, сводя к минимуму дискомфортные ощущения. Практичное и недорогое дополнение к вашему базовому уходу, которое позволит сохранить лицо абсолютно чистым и опрятным."
  }
},
{
  "model": "services.servicevariant",
  "pk": 65,
  "fields": {
    "service": 36,
    "barber_level": "Шкипер",
    "price": "450.00",
    "duration_minutes": 15,
    "description": "Чистая кожа без нежелательных волос в труднодоступных зонах лица кардинально меняет восприятие внешности. Шкипер — опытный специалист с наработанной практикой и уверенными движениями. Мастер подберет качественный воск под ваш тип кожи, грамотно обработает зоны ушей, ноздрей или бровей и нанесет успокаивающий лосьон против покраснений. Благодаря отточенной технике, процедура проходит максимально легко и безболезненно. Надежный выбор для тех, кто ценит уверенность в результате."
  }
},
{
  "model": "services.servicevariant",
  "pk": 66,
  "fields": {
    "service": 36,
    "barber_level": "Капитан",
    "price": "600.00",
    "duration_minutes": 15,
    "description": "Деликатная и молниеносная очистка проблемных зон лица с заботой о вашем абсолютном комфорте. Капитан — эксперт высшей категории, который проводит процедуру за считанные минуты, полностью исключая лишнюю боль или раздражение кожи. В работе используются гипоаллергенные премиум-воски, которые захватывают даже самый мелкий пушок, замедляя последующий рост волос. Финальный уход со специальными маслами мгновенно восстанавливает кожу. Идеальное решение для мужчин, ценящих безупречность в каждой детали."
  }
},
{
  "model": "services.servicevariant",
  "pk": 67,
  "fields": {
    "service": 37,
    "barber_level": "Матрос",
    "price": "500.00",
    "duration_minutes": 25,
    "description": "Придать волосам аккуратную форму и правильное направление поможет классический стайлинг. Матрос — это мастер, который качественно промоет голову, высушит волосы по форме вашей стрижки и зафиксирует результат базовыми укладочными средствами. Образ получится опрятным, чистым и собранным строго по канону. Отличный и доступный вариант, чтобы быстро привести прическу в порядок перед деловой встречей, свиданием или обычным рабочим днем без лишних затрат."
  }
},
{
  "model": "services.servicevariant",
  "pk": 68,
  "fields": {
    "service": 37,
    "barber_level": "Шкипер",
    "price": "750.00",
    "duration_minutes": 25,
    "description": "Создать стойкую, текстурную укладку, которая уверенно продержится до самого вечера, поможет опытный мастер. Шкипер подберет индивидуальный стайлинг (матовая глина, помада или паста), исходя из структуры ваших волос и формата важного мероприятия. Мастер создаст правильный объем, подчеркнет особенности стрижки и скорректирует нюансы формы черепа. Надежный выбор для тех, кто хочет получить выразительный стиль, экспертные советы по фиксации и железную уверенность в своем внешнем виде."
  }
},
{
  "model": "services.servicevariant",
  "pk": 69,
  "fields": {
    "service": 37,
    "barber_level": "Капитан",
    "price": "1100.00",
    "duration_minutes": 25,
    "description": "Моделирование эксклюзивного образа для ключевых событий вашей жизни, где нужно выглядеть на все сто. Капитан — эксперт высшей категории, который мастерски управляет архитектурой волос любой сложности и длины. Процедура включает использование премиальной лимитированной косметики, глубокое очищение и создание укладки, устойчивой к погодным условиям и долгим нагрузкам. Филигранная работа лидера команды, которая подчеркнет ваш статус, характер и безупречный личный стиль."
  }
},
{
  "model": "gallery.work",
  "pk": 29,
  "fields": {
    "image": "gallery/wqeqweq_wnp64dM.jpg",
    "image_type": "square",
    "show_on_home": true,
    "order": 1,
    "created_at": "2026-05-11T07:26:16.638Z"
  }
},
{
  "model": "gallery.work",
  "pk": 33,
  "fields": {
    "image": "gallery/420171302_7056130449_RU70xzZ.jpg",
    "image_type": "vertical",
    "show_on_home": false,
    "order": 2,
    "created_at": "2026-05-11T07:39:11.698Z"
  }
},
{
  "model": "gallery.work",
  "pk": 36,
  "fields": {
    "image": "gallery/f112dcb01cd9f83a34331a6e927c062f_ryHs9sb.jpg",
    "image_type": "portrait",
    "show_on_home": true,
    "order": 4,
    "created_at": "2026-05-11T08:07:40.789Z"
  }
},
{
  "model": "gallery.work",
  "pk": 38,
  "fields": {
    "image": "gallery/a1cfb54eb3279d02805ad1eca3c546d9_GUlKBbe.jpg",
    "image_type": "portrait",
    "show_on_home": true,
    "order": 4,
    "created_at": "2026-05-11T08:17:17.700Z"
  }
},
{
  "model": "gallery.work",
  "pk": 39,
  "fields": {
    "image": "gallery/da9b350b1d0da74f18d4d9134b17452a_nsAJbph.jpg",
    "image_type": "portrait",
    "show_on_home": true,
    "order": 5,
    "created_at": "2026-05-11T08:18:09.925Z"
  }
},
{
  "model": "gallery.work",
  "pk": 40,
  "fields": {
    "image": "gallery/23de6c4ecc1f8ebed50192978fd311f7.jpg",
    "image_type": "square",
    "show_on_home": true,
    "order": 7,
    "created_at": "2026-05-11T08:24:25.879Z"
  }
},
{
  "model": "gallery.work",
  "pk": 42,
  "fields": {
    "image": "gallery/AirBrush_20200520163_lamsFmK.jpg",
    "image_type": "square",
    "show_on_home": true,
    "order": 6,
    "created_at": "2026-05-11T08:31:05.915Z"
  }
},
{
  "model": "gallery.work",
  "pk": 44,
  "fields": {
    "image": "gallery/orig-_2_.jpg",
    "image_type": "horizontal",
    "show_on_home": false,
    "order": 8,
    "created_at": "2026-05-11T08:40:35.219Z"
  }
},
{
  "model": "gallery.work",
  "pk": 46,
  "fields": {
    "image": "gallery/i-_1__6QdYNYi.jpg",
    "image_type": "portrait",
    "show_on_home": true,
    "order": 11,
    "created_at": "2026-05-11T08:55:43.006Z"
  }
},
{
  "model": "gallery.work",
  "pk": 49,
  "fields": {
    "image": "gallery/i-_4__lXGv5YI.jpg",
    "image_type": "portrait",
    "show_on_home": true,
    "order": 9,
    "created_at": "2026-05-11T09:04:13.542Z"
  }
},
{
  "model": "gallery.work",
  "pk": 50,
  "fields": {
    "image": "gallery/XXL.jpg",
    "image_type": "square",
    "show_on_home": false,
    "order": 10,
    "created_at": "2026-05-11T09:14:11.610Z"
  }
},
{
  "model": "gallery.work",
  "pk": 51,
  "fields": {
    "image": "gallery/i_3_hrNDlKW.jpg",
    "image_type": "portrait",
    "show_on_home": true,
    "order": 13,
    "created_at": "2026-05-11T09:16:31.592Z"
  }
},
{
  "model": "gallery.work",
  "pk": 52,
  "fields": {
    "image": "gallery/5df294c30389d347d1e717f71c51ea47_bRo2QzA.jpg",
    "image_type": "square",
    "show_on_home": false,
    "order": 12,
    "created_at": "2026-05-11T09:21:29.065Z"
  }
},
{
  "model": "gallery.work",
  "pk": 53,
  "fields": {
    "image": "gallery/1022ed60fc20559111c279797ade840d.jpg",
    "image_type": "square",
    "show_on_home": false,
    "order": 15,
    "created_at": "2026-05-11T09:28:26.361Z"
  }
},
{
  "model": "gallery.work",
  "pk": 54,
  "fields": {
    "image": "gallery/e2ab574466cd1b811799d26b82c50e06_CKlfBt8.jpg",
    "image_type": "square",
    "show_on_home": true,
    "order": 16,
    "created_at": "2026-05-11T09:47:16.630Z"
  }
},
{
  "model": "users.customuser",
  "pk": 1,
  "fields": {
    "password": "pbkdf2_sha256$600000$nXqpgyDy2UKCTROYBrnnLn$xVnk67mnzW/NNKMTSHKuuz+eZaZlBmDvmkOVOOgKnBM=",
    "last_login": "2026-06-11T05:18:28.675Z",
    "is_superuser": true,
    "username": "admin",
    "first_name": "",
    "last_name": "",
    "email": "",
    "is_staff": true,
    "is_active": true,
    "date_joined": "2026-04-19T17:23:38.630Z",
    "phone": "",
    "avatar": "",
    "is_barber": false,
    "groups": [],
    "user_permissions": []
  }
}
]
