[
{
  "model": "admin.logentry",
  "pk": 1,
  "fields": {
    "action_time": "2026-04-20T17:11:01.393Z",
    "user": 1,
    "content_type": 7,
    "object_id": "1",
    "object_repr": "Стрижка Крутая",
    "action_flag": 1,
    "change_message": "[{\"added\": {}}]"
  }
},
{
  "model": "admin.logentry",
  "pk": 2,
  "fields": {
    "action_time": "2026-04-20T17:12:05.969Z",
    "user": 1,
    "content_type": 8,
    "object_id": "1",
    "object_repr": "аапаы (skipper)",
    "action_flag": 1,
    "change_message": "[{\"added\": {}}]"
  }
},
{
  "model": "admin.logentry",
  "pk": 3,
  "fields": {
    "action_time": "2026-04-21T15:32:43.920Z",
    "user": 1,
    "content_type": 8,
    "object_id": "1",
    "object_repr": "аапаы (skipper)",
    "action_flag": 2,
    "change_message": "[{\"changed\": {\"fields\": [\"\\u0410\\u043a\\u0442\\u0438\\u0432\\u043d\\u0430?\"]}}]"
  }
},
{
  "model": "admin.logentry",
  "pk": 4,
  "fields": {
    "action_time": "2026-04-21T15:32:56.123Z",
    "user": 1,
    "content_type": 8,
    "object_id": "1",
    "object_repr": "аапаы (skipper)",
    "action_flag": 2,
    "change_message": "[{\"changed\": {\"fields\": [\"\\u0410\\u043a\\u0442\\u0438\\u0432\\u043d\\u0430?\"]}}]"
  }
},
{
  "model": "admin.logentry",
  "pk": 5,
  "fields": {
    "action_time": "2026-04-21T16:16:15.380Z",
    "user": 1,
    "content_type": 8,
    "object_id": "1",
    "object_repr": "аапаы (skipper)",
    "action_flag": 2,
    "change_message": "[{\"changed\": {\"fields\": [\"\\u0410\\u043a\\u0442\\u0438\\u0432\\u043d\\u0430?\"]}}]"
  }
},
{
  "model": "admin.logentry",
  "pk": 6,
  "fields": {
    "action_time": "2026-04-21T16:18:47.604Z",
    "user": 1,
    "content_type": 8,
    "object_id": "1",
    "object_repr": "аапаы (skipper)",
    "action_flag": 2,
    "change_message": "[{\"changed\": {\"fields\": [\"\\u0414\\u043b\\u0438\\u0442\\u0435\\u043b\\u044c\\u043d\\u043e\\u0441\\u0442\\u044c (\\u043c\\u0438\\u043d\\u0443\\u0442\\u044b)\"]}}]"
  }
},
{
  "model": "admin.logentry",
  "pk": 7,
  "fields": {
    "action_time": "2026-04-21T16:20:00.794Z",
    "user": 1,
    "content_type": 8,
    "object_id": "1",
    "object_repr": "Стрижка классная от Егора (skipper)",
    "action_flag": 2,
    "change_message": "[{\"changed\": {\"fields\": [\"\\u041d\\u0430\\u0437\\u0432\\u0430\\u043d\\u0438\\u0435\", \"URL-\\u0438\\u0434\\u0435\\u043d\\u0442\\u0438\\u0444\\u0438\\u043a\\u0430\\u0442\\u043e\\u0440\", \"\\u041f\\u043e\\u0434\\u0437\\u0430\\u0433\\u043e\\u043b\\u043e\\u0432\\u043e\\u043a\", \"\\u041e\\u043f\\u0438\\u0441\\u0430\\u043d\\u0438\\u0435\", \"\\u0424\\u043e\\u0442\\u043e \\u0443\\u0441\\u043b\\u0443\\u0433\\u0438\", \"\\u0410\\u043a\\u0442\\u0438\\u0432\\u043d\\u0430?\"]}}]"
  }
},
{
  "model": "admin.logentry",
  "pk": 8,
  "fields": {
    "action_time": "2026-04-22T11:09:25.997Z",
    "user": 1,
    "content_type": 8,
    "object_id": "2",
    "object_repr": "Эспрессо (skipper)",
    "action_flag": 1,
    "change_message": "[{\"added\": {}}]"
  }
},
{
  "model": "admin.logentry",
  "pk": 9,
  "fields": {
    "action_time": "2026-04-22T11:41:32.953Z",
    "user": 1,
    "content_type": 8,
    "object_id": "1",
    "object_repr": "Стрижка классная от Егора (skipper)",
    "action_flag": 2,
    "change_message": "[{\"changed\": {\"fields\": [\"\\u0410\\u043a\\u0442\\u0438\\u0432\\u043d\\u0430\"]}}]"
  }
},
{
  "model": "admin.logentry",
  "pk": 10,
  "fields": {
    "action_time": "2026-04-22T11:41:43.873Z",
    "user": 1,
    "content_type": 8,
    "object_id": "2",
    "object_repr": "Эспрессо (skipper)",
    "action_flag": 2,
    "change_message": "[{\"changed\": {\"fields\": [\"\\u0410\\u043a\\u0442\\u0438\\u0432\\u043d\\u0430\"]}}]"
  }
},
{
  "model": "admin.logentry",
  "pk": 11,
  "fields": {
    "action_time": "2026-04-22T11:41:54.803Z",
    "user": 1,
    "content_type": 8,
    "object_id": "2",
    "object_repr": "Эспрессо (skipper)",
    "action_flag": 3,
    "change_message": ""
  }
},
{
  "model": "admin.logentry",
  "pk": 12,
  "fields": {
    "action_time": "2026-04-22T11:41:59.445Z",
    "user": 1,
    "content_type": 8,
    "object_id": "1",
    "object_repr": "Стрижка классная от Егора (skipper)",
    "action_flag": 2,
    "change_message": "[{\"changed\": {\"fields\": [\"\\u0410\\u043a\\u0442\\u0438\\u0432\\u043d\\u0430\"]}}]"
  }
},
{
  "model": "admin.logentry",
  "pk": 13,
  "fields": {
    "action_time": "2026-04-22T11:42:46.897Z",
    "user": 1,
    "content_type": 8,
    "object_id": "1",
    "object_repr": "Стрижка классная от Егора (skipper)",
    "action_flag": 2,
    "change_message": "[]"
  }
},
{
  "model": "admin.logentry",
  "pk": 14,
  "fields": {
    "action_time": "2026-04-22T11:42:57.467Z",
    "user": 1,
    "content_type": 8,
    "object_id": "1",
    "object_repr": "Стрижка классная от Егора (captain)",
    "action_flag": 2,
    "change_message": "[{\"changed\": {\"fields\": [\"\\u0423\\u0440\\u043e\\u0432\\u0435\\u043d\\u044c \\u043a\\u0432\\u0430\\u043b\\u0438\\u0444\\u0438\\u043a\\u0430\\u0446\\u0438\\u0438\"]}}]"
  }
},
{
  "model": "admin.logentry",
  "pk": 15,
  "fields": {
    "action_time": "2026-04-22T11:43:48.419Z",
    "user": 1,
    "content_type": 8,
    "object_id": "1",
    "object_repr": "Стрижка классная от Егора (captain)",
    "action_flag": 3,
    "change_message": ""
  }
},
{
  "model": "admin.logentry",
  "pk": 16,
  "fields": {
    "action_time": "2026-04-22T11:44:16.735Z",
    "user": 1,
    "content_type": 8,
    "object_id": "3",
    "object_repr": "2131312у2цувцйв (captain)",
    "action_flag": 1,
    "change_message": "[{\"added\": {}}]"
  }
},
{
  "model": "admin.logentry",
  "pk": 17,
  "fields": {
    "action_time": "2026-04-22T11:58:14.412Z",
    "user": 1,
    "content_type": 8,
    "object_id": "3",
    "object_repr": "2131312у2цувцйв (captain)",
    "action_flag": 3,
    "change_message": ""
  }
},
{
  "model": "admin.logentry",
  "pk": 18,
  "fields": {
    "action_time": "2026-04-22T11:58:27.836Z",
    "user": 1,
    "content_type": 8,
    "object_id": "4",
    "object_repr": "eq1 (skipper)",
    "action_flag": 1,
    "change_message": "[{\"added\": {}}]"
  }
},
{
  "model": "admin.logentry",
  "pk": 19,
  "fields": {
    "action_time": "2026-04-22T12:00:51.091Z",
    "user": 1,
    "content_type": 8,
    "object_id": "4",
    "object_repr": "eq1 (skipper)",
    "action_flag": 2,
    "change_message": "[{\"changed\": {\"fields\": [\"\\u0424\\u043e\\u0442\\u043e \\u0443\\u0441\\u043b\\u0443\\u0433\\u0438\"]}}]"
  }
},
{
  "model": "admin.logentry",
  "pk": 20,
  "fields": {
    "action_time": "2026-04-22T12:46:08.409Z",
    "user": 1,
    "content_type": 8,
    "object_id": "4",
    "object_repr": "eq1 (skipper)",
    "action_flag": 2,
    "change_message": "[{\"changed\": {\"fields\": [\"\\u0424\\u043e\\u0442\\u043e \\u0443\\u0441\\u043b\\u0443\\u0433\\u0438\"]}}]"
  }
},
{
  "model": "admin.logentry",
  "pk": 21,
  "fields": {
    "action_time": "2026-04-22T12:57:37.533Z",
    "user": 1,
    "content_type": 8,
    "object_id": "4",
    "object_repr": "eq1 (skipper)",
    "action_flag": 2,
    "change_message": "[{\"changed\": {\"fields\": [\"\\u0424\\u043e\\u0442\\u043e \\u0443\\u0441\\u043b\\u0443\\u0433\\u0438\"]}}]"
  }
},
{
  "model": "admin.logentry",
  "pk": 22,
  "fields": {
    "action_time": "2026-04-22T13:40:13.993Z",
    "user": 1,
    "content_type": 7,
    "object_id": "1",
    "object_repr": "Стрижка Крутая",
    "action_flag": 2,
    "change_message": "[{\"changed\": {\"fields\": [\"\\u0418\\u043a\\u043e\\u043d\\u043a\\u0430\"]}}]"
  }
},
{
  "model": "admin.logentry",
  "pk": 23,
  "fields": {
    "action_time": "2026-04-22T14:23:39.459Z",
    "user": 1,
    "content_type": 8,
    "object_id": "5",
    "object_repr": "Мощная стрижка (captain)",
    "action_flag": 1,
    "change_message": "[{\"added\": {}}]"
  }
},
{
  "model": "admin.logentry",
  "pk": 24,
  "fields": {
    "action_time": "2026-04-22T14:23:51.332Z",
    "user": 1,
    "content_type": 7,
    "object_id": "2",
    "object_repr": "Стрижка бешеная",
    "action_flag": 1,
    "change_message": "[{\"added\": {}}]"
  }
},
{
  "model": "admin.logentry",
  "pk": 25,
  "fields": {
    "action_time": "2026-04-22T14:24:37.390Z",
    "user": 1,
    "content_type": 8,
    "object_id": "6",
    "object_repr": "Мега красивая прическа (skipper)",
    "action_flag": 1,
    "change_message": "[{\"added\": {}}]"
  }
},
{
  "model": "admin.logentry",
  "pk": 26,
  "fields": {
    "action_time": "2026-04-22T14:24:44.252Z",
    "user": 1,
    "content_type": 8,
    "object_id": "5",
    "object_repr": "Мощная стрижка (skipper)",
    "action_flag": 2,
    "change_message": "[{\"changed\": {\"fields\": [\"\\u0423\\u0440\\u043e\\u0432\\u0435\\u043d\\u044c \\u043a\\u0432\\u0430\\u043b\\u0438\\u0444\\u0438\\u043a\\u0430\\u0446\\u0438\\u0438\"]}}]"
  }
},
{
  "model": "admin.logentry",
  "pk": 27,
  "fields": {
    "action_time": "2026-04-22T14:55:40.875Z",
    "user": 1,
    "content_type": 8,
    "object_id": "7",
    "object_repr": "fewfwew (skipper)",
    "action_flag": 1,
    "change_message": "[{\"added\": {}}]"
  }
},
{
  "model": "admin.logentry",
  "pk": 28,
  "fields": {
    "action_time": "2026-04-22T14:56:14.958Z",
    "user": 1,
    "content_type": 8,
    "object_id": "8",
    "object_repr": "аапаы (skipper)",
    "action_flag": 1,
    "change_message": "[{\"added\": {}}]"
  }
},
{
  "model": "admin.logentry",
  "pk": 29,
  "fields": {
    "action_time": "2026-04-22T14:56:26.464Z",
    "user": 1,
    "content_type": 8,
    "object_id": "9",
    "object_repr": "ewfwe (skipper)",
    "action_flag": 1,
    "change_message": "[{\"added\": {}}]"
  }
},
{
  "model": "admin.logentry",
  "pk": 30,
  "fields": {
    "action_time": "2026-04-22T14:57:13.318Z",
    "user": 1,
    "content_type": 8,
    "object_id": "10",
    "object_repr": "qweqe (skipper)",
    "action_flag": 1,
    "change_message": "[{\"added\": {}}]"
  }
},
{
  "model": "admin.logentry",
  "pk": 31,
  "fields": {
    "action_time": "2026-04-23T17:09:06.489Z",
    "user": 1,
    "content_type": 8,
    "object_id": "11",
    "object_repr": "Стрижка Леонардо Ди Каприо (captain)",
    "action_flag": 1,
    "change_message": "[{\"added\": {}}]"
  }
},
{
  "model": "admin.logentry",
  "pk": 32,
  "fields": {
    "action_time": "2026-04-23T17:10:22.005Z",
    "user": 1,
    "content_type": 8,
    "object_id": "11",
    "object_repr": "Стрижка Леонардо Ди Каприо (captain)",
    "action_flag": 2,
    "change_message": "[{\"changed\": {\"fields\": [\"\\u0410\\u043a\\u0442\\u0438\\u0432\\u043d\\u0430\"]}}]"
  }
},
{
  "model": "admin.logentry",
  "pk": 33,
  "fields": {
    "action_time": "2026-04-23T17:10:48.688Z",
    "user": 1,
    "content_type": 8,
    "object_id": "11",
    "object_repr": "Стрижка Леонардо Ди Каприо (captain)",
    "action_flag": 2,
    "change_message": "[{\"changed\": {\"fields\": [\"\\u0410\\u043a\\u0442\\u0438\\u0432\\u043d\\u0430\"]}}]"
  }
},
{
  "model": "admin.logentry",
  "pk": 34,
  "fields": {
    "action_time": "2026-04-23T17:11:20.842Z",
    "user": 1,
    "content_type": 8,
    "object_id": "11",
    "object_repr": "Стрижка Леонардо Ди Каприо (captain)",
    "action_flag": 2,
    "change_message": "[{\"changed\": {\"fields\": [\"\\u0410\\u043a\\u0442\\u0438\\u0432\\u043d\\u0430\"]}}]"
  }
},
{
  "model": "admin.logentry",
  "pk": 35,
  "fields": {
    "action_time": "2026-04-25T07:53:27.342Z",
    "user": 1,
    "content_type": 8,
    "object_id": "4",
    "object_repr": "eq1 (skipper)",
    "action_flag": 3,
    "change_message": ""
  }
},
{
  "model": "admin.logentry",
  "pk": 36,
  "fields": {
    "action_time": "2026-04-25T07:53:27.342Z",
    "user": 1,
    "content_type": 8,
    "object_id": "9",
    "object_repr": "ewfwe (skipper)",
    "action_flag": 3,
    "change_message": ""
  }
},
{
  "model": "admin.logentry",
  "pk": 37,
  "fields": {
    "action_time": "2026-04-25T07:53:27.342Z",
    "user": 1,
    "content_type": 8,
    "object_id": "7",
    "object_repr": "fewfwew (skipper)",
    "action_flag": 3,
    "change_message": ""
  }
},
{
  "model": "admin.logentry",
  "pk": 38,
  "fields": {
    "action_time": "2026-04-25T07:53:27.342Z",
    "user": 1,
    "content_type": 8,
    "object_id": "10",
    "object_repr": "qweqe (skipper)",
    "action_flag": 3,
    "change_message": ""
  }
},
{
  "model": "admin.logentry",
  "pk": 39,
  "fields": {
    "action_time": "2026-04-25T07:53:27.342Z",
    "user": 1,
    "content_type": 8,
    "object_id": "8",
    "object_repr": "аапаы (skipper)",
    "action_flag": 3,
    "change_message": ""
  }
},
{
  "model": "admin.logentry",
  "pk": 40,
  "fields": {
    "action_time": "2026-04-25T07:53:37.204Z",
    "user": 1,
    "content_type": 8,
    "object_id": "11",
    "object_repr": "Стрижка Леонардо Ди Каприо (captain)",
    "action_flag": 2,
    "change_message": "[{\"changed\": {\"fields\": [\"\\u0410\\u043a\\u0442\\u0438\\u0432\\u043d\\u0430\"]}}]"
  }
},
{
  "model": "admin.logentry",
  "pk": 41,
  "fields": {
    "action_time": "2026-04-25T07:54:13.806Z",
    "user": 1,
    "content_type": 8,
    "object_id": "12",
    "object_repr": "Стрижка голливудской звезды (skipper)",
    "action_flag": 1,
    "change_message": "[{\"added\": {}}]"
  }
},
{
  "model": "admin.logentry",
  "pk": 42,
  "fields": {
    "action_time": "2026-04-25T10:07:33.438Z",
    "user": 1,
    "content_type": 8,
    "object_id": "11",
    "object_repr": "Стрижка Леонардо Ди Каприо (captain)",
    "action_flag": 3,
    "change_message": ""
  }
},
{
  "model": "admin.logentry",
  "pk": 43,
  "fields": {
    "action_time": "2026-04-25T10:07:33.438Z",
    "user": 1,
    "content_type": 8,
    "object_id": "6",
    "object_repr": "Мега красивая прическа (skipper)",
    "action_flag": 3,
    "change_message": ""
  }
},
{
  "model": "admin.logentry",
  "pk": 44,
  "fields": {
    "action_time": "2026-04-25T10:07:33.438Z",
    "user": 1,
    "content_type": 8,
    "object_id": "5",
    "object_repr": "Мощная стрижка (skipper)",
    "action_flag": 3,
    "change_message": ""
  }
},
{
  "model": "admin.logentry",
  "pk": 45,
  "fields": {
    "action_time": "2026-04-25T10:07:33.438Z",
    "user": 1,
    "content_type": 8,
    "object_id": "12",
    "object_repr": "Стрижка голливудской звезды (skipper)",
    "action_flag": 3,
    "change_message": ""
  }
},
{
  "model": "admin.logentry",
  "pk": 46,
  "fields": {
    "action_time": "2026-04-25T10:12:50.210Z",
    "user": 1,
    "content_type": 7,
    "object_id": "3",
    "object_repr": "Премиум-классика",
    "action_flag": 1,
    "change_message": "[{\"added\": {}}]"
  }
},
{
  "model": "admin.logentry",
  "pk": 47,
  "fields": {
    "action_time": "2026-04-25T10:13:42.785Z",
    "user": 1,
    "content_type": 8,
    "object_id": "13",
    "object_repr": "Стрижка «Первая линия» (ranger)",
    "action_flag": 1,
    "change_message": "[{\"added\": {}}]"
  }
},
{
  "model": "admin.logentry",
  "pk": 48,
  "fields": {
    "action_time": "2026-04-25T10:15:48.264Z",
    "user": 1,
    "content_type": 8,
    "object_id": "14",
    "object_repr": "Стрижка «Первая линия» (ranger)",
    "action_flag": 1,
    "change_message": "[{\"added\": {}}]"
  }
},
{
  "model": "admin.logentry",
  "pk": 49,
  "fields": {
    "action_time": "2026-04-25T10:16:22.180Z",
    "user": 1,
    "content_type": 8,
    "object_id": "14",
    "object_repr": "Стрижка «Первая линия» (skipper)",
    "action_flag": 2,
    "change_message": "[{\"changed\": {\"fields\": [\"\\u0423\\u0440\\u043e\\u0432\\u0435\\u043d\\u044c \\u043a\\u0432\\u0430\\u043b\\u0438\\u0444\\u0438\\u043a\\u0430\\u0446\\u0438\\u0438\"]}}]"
  }
},
{
  "model": "admin.logentry",
  "pk": 50,
  "fields": {
    "action_time": "2026-04-25T10:16:27.845Z",
    "user": 1,
    "content_type": 8,
    "object_id": "13",
    "object_repr": "Стрижка «Первая линия» (ranger)",
    "action_flag": 2,
    "change_message": "[{\"changed\": {\"fields\": [\"URL-\\u0438\\u0434\\u0435\\u043d\\u0442\\u0438\\u0444\\u0438\\u043a\\u0430\\u0442\\u043e\\u0440\"]}}]"
  }
},
{
  "model": "admin.logentry",
  "pk": 51,
  "fields": {
    "action_time": "2026-04-25T10:17:13.859Z",
    "user": 1,
    "content_type": 8,
    "object_id": "15",
    "object_repr": "Стрижка «Первая линия» (captain)",
    "action_flag": 1,
    "change_message": "[{\"added\": {}}]"
  }
},
{
  "model": "admin.logentry",
  "pk": 52,
  "fields": {
    "action_time": "2026-04-25T10:39:16.126Z",
    "user": 1,
    "content_type": 8,
    "object_id": "15",
    "object_repr": "Стрижка «Первая линия»",
    "action_flag": 3,
    "change_message": ""
  }
},
{
  "model": "admin.logentry",
  "pk": 53,
  "fields": {
    "action_time": "2026-04-25T10:39:16.126Z",
    "user": 1,
    "content_type": 8,
    "object_id": "14",
    "object_repr": "Стрижка «Первая линия»",
    "action_flag": 3,
    "change_message": ""
  }
},
{
  "model": "admin.logentry",
  "pk": 54,
  "fields": {
    "action_time": "2026-04-25T10:39:16.126Z",
    "user": 1,
    "content_type": 8,
    "object_id": "13",
    "object_repr": "Стрижка «Первая линия»",
    "action_flag": 3,
    "change_message": ""
  }
},
{
  "model": "admin.logentry",
  "pk": 55,
  "fields": {
    "action_time": "2026-04-25T10:40:34.354Z",
    "user": 1,
    "content_type": 8,
    "object_id": "16",
    "object_repr": "Стрижка «Первая линия»",
    "action_flag": 1,
    "change_message": "[{\"added\": {}}, {\"added\": {\"name\": \"\\u0412\\u0430\\u0440\\u0438\\u0430\\u043d\\u0442 \\u0443\\u0441\\u043b\\u0443\\u0433\\u0438\", \"object\": \"\\u0421\\u0442\\u0440\\u0438\\u0436\\u043a\\u0430 \\u00ab\\u041f\\u0435\\u0440\\u0432\\u0430\\u044f \\u043b\\u0438\\u043d\\u0438\\u044f\\u00bb (Ranger)\"}}, {\"added\": {\"name\": \"\\u0412\\u0430\\u0440\\u0438\\u0430\\u043d\\u0442 \\u0443\\u0441\\u043b\\u0443\\u0433\\u0438\", \"object\": \"\\u0421\\u0442\\u0440\\u0438\\u0436\\u043a\\u0430 \\u00ab\\u041f\\u0435\\u0440\\u0432\\u0430\\u044f \\u043b\\u0438\\u043d\\u0438\\u044f\\u00bb (Skipper)\"}}, {\"added\": {\"name\": \"\\u0412\\u0430\\u0440\\u0438\\u0430\\u043d\\u0442 \\u0443\\u0441\\u043b\\u0443\\u0433\\u0438\", \"object\": \"\\u0421\\u0442\\u0440\\u0438\\u0436\\u043a\\u0430 \\u00ab\\u041f\\u0435\\u0440\\u0432\\u0430\\u044f \\u043b\\u0438\\u043d\\u0438\\u044f\\u00bb (Captain)\"}}]"
  }
},
{
  "model": "admin.logentry",
  "pk": 56,
  "fields": {
    "action_time": "2026-04-25T10:40:42.398Z",
    "user": 1,
    "content_type": 8,
    "object_id": "16",
    "object_repr": "Стрижка «Первая линия»",
    "action_flag": 2,
    "change_message": "[{\"changed\": {\"name\": \"\\u0412\\u0430\\u0440\\u0438\\u0430\\u043d\\u0442 \\u0443\\u0441\\u043b\\u0443\\u0433\\u0438\", \"object\": \"\\u0421\\u0442\\u0440\\u0438\\u0436\\u043a\\u0430 \\u00ab\\u041f\\u0435\\u0440\\u0432\\u0430\\u044f \\u043b\\u0438\\u043d\\u0438\\u044f\\u00bb (Captain)\", \"fields\": [\"Price\"]}}]"
  }
},
{
  "model": "admin.logentry",
  "pk": 57,
  "fields": {
    "action_time": "2026-04-25T10:40:54.356Z",
    "user": 1,
    "content_type": 11,
    "object_id": "6",
    "object_repr": "Стрижка «Первая линия» (Captain)",
    "action_flag": 2,
    "change_message": "[{\"changed\": {\"fields\": [\"Price\"]}}]"
  }
},
{
  "model": "admin.logentry",
  "pk": 58,
  "fields": {
    "action_time": "2026-04-25T10:41:03.737Z",
    "user": 1,
    "content_type": 8,
    "object_id": "16",
    "object_repr": "Стрижка «Первая линия»",
    "action_flag": 2,
    "change_message": "[{\"changed\": {\"name\": \"\\u0412\\u0430\\u0440\\u0438\\u0430\\u043d\\u0442 \\u0443\\u0441\\u043b\\u0443\\u0433\\u0438\", \"object\": \"\\u0421\\u0442\\u0440\\u0438\\u0436\\u043a\\u0430 \\u00ab\\u041f\\u0435\\u0440\\u0432\\u0430\\u044f \\u043b\\u0438\\u043d\\u0438\\u044f\\u00bb (Captain)\", \"fields\": [\"Price\"]}}]"
  }
},
{
  "model": "admin.logentry",
  "pk": 59,
  "fields": {
    "action_time": "2026-04-25T10:41:37.587Z",
    "user": 1,
    "content_type": 8,
    "object_id": "16",
    "object_repr": "Стрижка «Первая линия»",
    "action_flag": 2,
    "change_message": "[{\"changed\": {\"fields\": [\"\\u0424\\u043e\\u0442\\u043e \\u0443\\u0441\\u043b\\u0443\\u0433\\u0438\"]}}]"
  }
},
{
  "model": "admin.logentry",
  "pk": 60,
  "fields": {
    "action_time": "2026-04-25T10:42:29.415Z",
    "user": 1,
    "content_type": 8,
    "object_id": "16",
    "object_repr": "Стрижка «Первая линия»",
    "action_flag": 2,
    "change_message": "[{\"changed\": {\"name\": \"\\u0412\\u0430\\u0440\\u0438\\u0430\\u043d\\u0442 \\u0443\\u0441\\u043b\\u0443\\u0433\\u0438\", \"object\": \"\\u0421\\u0442\\u0440\\u0438\\u0436\\u043a\\u0430 \\u00ab\\u041f\\u0435\\u0440\\u0432\\u0430\\u044f \\u043b\\u0438\\u043d\\u0438\\u044f\\u00bb (Skipper)\", \"fields\": [\"Duration minutes\"]}}]"
  }
},
{
  "model": "admin.logentry",
  "pk": 61,
  "fields": {
    "action_time": "2026-04-25T10:46:34.048Z",
    "user": 1,
    "content_type": 8,
    "object_id": "16",
    "object_repr": "Стрижка «Первая линия»",
    "action_flag": 2,
    "change_message": "[{\"changed\": {\"name\": \"\\u0412\\u0430\\u0440\\u0438\\u0430\\u043d\\u0442 \\u0443\\u0441\\u043b\\u0443\\u0433\\u0438\", \"object\": \"\\u0421\\u0442\\u0440\\u0438\\u0436\\u043a\\u0430 \\u00ab\\u041f\\u0435\\u0440\\u0432\\u0430\\u044f \\u043b\\u0438\\u043d\\u0438\\u044f\\u00bb (Skipper)\", \"fields\": [\"Duration minutes\"]}}]"
  }
},
{
  "model": "admin.logentry",
  "pk": 62,
  "fields": {
    "action_time": "2026-04-25T10:46:43.114Z",
    "user": 1,
    "content_type": 8,
    "object_id": "16",
    "object_repr": "Стрижка «Первая линия»",
    "action_flag": 2,
    "change_message": "[]"
  }
},
{
  "model": "admin.logentry",
  "pk": 63,
  "fields": {
    "action_time": "2026-04-25T10:51:47.466Z",
    "user": 1,
    "content_type": 8,
    "object_id": "16",
    "object_repr": "Стрижка «Первая линия»",
    "action_flag": 2,
    "change_message": "[{\"changed\": {\"name\": \"\\u0412\\u0430\\u0440\\u0438\\u0430\\u043d\\u0442 \\u0443\\u0441\\u043b\\u0443\\u0433\\u0438\", \"object\": \"\\u0421\\u0442\\u0440\\u0438\\u0436\\u043a\\u0430 \\u00ab\\u041f\\u0435\\u0440\\u0432\\u0430\\u044f \\u043b\\u0438\\u043d\\u0438\\u044f\\u00bb (\\u0420\\u0435\\u0439\\u043d\\u0434\\u0436\\u0435\\u0440)\", \"fields\": [\"Barber level\"]}}, {\"changed\": {\"name\": \"\\u0412\\u0430\\u0440\\u0438\\u0430\\u043d\\u0442 \\u0443\\u0441\\u043b\\u0443\\u0433\\u0438\", \"object\": \"\\u0421\\u0442\\u0440\\u0438\\u0436\\u043a\\u0430 \\u00ab\\u041f\\u0435\\u0440\\u0432\\u0430\\u044f \\u043b\\u0438\\u043d\\u0438\\u044f\\u00bb (\\u0428\\u043a\\u0438\\u043f\\u0435\\u0440)\", \"fields\": [\"Barber level\"]}}, {\"changed\": {\"name\": \"\\u0412\\u0430\\u0440\\u0438\\u0430\\u043d\\u0442 \\u0443\\u0441\\u043b\\u0443\\u0433\\u0438\", \"object\": \"\\u0421\\u0442\\u0440\\u0438\\u0436\\u043a\\u0430 \\u00ab\\u041f\\u0435\\u0440\\u0432\\u0430\\u044f \\u043b\\u0438\\u043d\\u0438\\u044f\\u00bb (\\u041a\\u0430\\u043f\\u0438\\u0442\\u0430\\u043d)\", \"fields\": [\"Barber level\"]}}]"
  }
},
{
  "model": "admin.logentry",
  "pk": 64,
  "fields": {
    "action_time": "2026-04-25T10:54:20.384Z",
    "user": 1,
    "content_type": 11,
    "object_id": "6",
    "object_repr": "Стрижка «Первая линия» (Капитан)",
    "action_flag": 2,
    "change_message": "[]"
  }
},
{
  "model": "admin.logentry",
  "pk": 65,
  "fields": {
    "action_time": "2026-04-25T11:22:22.685Z",
    "user": 1,
    "content_type": 8,
    "object_id": "16",
    "object_repr": "Стрижка «Первая линия»",
    "action_flag": 2,
    "change_message": "[]"
  }
},
{
  "model": "admin.logentry",
  "pk": 66,
  "fields": {
    "action_time": "2026-04-25T11:51:43.923Z",
    "user": 1,
    "content_type": 11,
    "object_id": "4",
    "object_repr": "Стрижка «Первая линия» (Рейнджер)",
    "action_flag": 3,
    "change_message": ""
  }
},
{
  "model": "admin.logentry",
  "pk": 67,
  "fields": {
    "action_time": "2026-04-25T11:51:49.458Z",
    "user": 1,
    "content_type": 8,
    "object_id": "16",
    "object_repr": "Стрижка «Первая линия»",
    "action_flag": 3,
    "change_message": ""
  }
},
{
  "model": "admin.logentry",
  "pk": 68,
  "fields": {
    "action_time": "2026-04-25T11:52:13.912Z",
    "user": 1,
    "content_type": 8,
    "object_id": "17",
    "object_repr": "2112",
    "action_flag": 1,
    "change_message": "[{\"added\": {}}, {\"added\": {\"name\": \"\\u0412\\u0430\\u0440\\u0438\\u0430\\u043d\\u0442 \\u0443\\u0441\\u043b\\u0443\\u0433\\u0438\", \"object\": \"2112 (\\u0420\\u0435\\u0439\\u043d\\u0434\\u0436\\u0435\\u0440)\"}}, {\"added\": {\"name\": \"\\u0412\\u0430\\u0440\\u0438\\u0430\\u043d\\u0442 \\u0443\\u0441\\u043b\\u0443\\u0433\\u0438\", \"object\": \"2112 (\\u0428\\u043a\\u0438\\u043f\\u0435\\u0440)\"}}, {\"added\": {\"name\": \"\\u0412\\u0430\\u0440\\u0438\\u0430\\u043d\\u0442 \\u0443\\u0441\\u043b\\u0443\\u0433\\u0438\", \"object\": \"2112 (\\u041a\\u0430\\u043f\\u0438\\u0442\\u0430\\u043d)\"}}]"
  }
},
{
  "model": "admin.logentry",
  "pk": 69,
  "fields": {
    "action_time": "2026-04-25T11:52:20.676Z",
    "user": 1,
    "content_type": 8,
    "object_id": "17",
    "object_repr": "2112",
    "action_flag": 2,
    "change_message": "[{\"changed\": {\"fields\": [\"\\u0424\\u043e\\u0442\\u043e \\u0443\\u0441\\u043b\\u0443\\u0433\\u0438\"]}}]"
  }
},
{
  "model": "admin.logentry",
  "pk": 70,
  "fields": {
    "action_time": "2026-04-25T11:52:20.804Z",
    "user": 1,
    "content_type": 8,
    "object_id": "17",
    "object_repr": "2112",
    "action_flag": 2,
    "change_message": "[{\"changed\": {\"fields\": [\"\\u0424\\u043e\\u0442\\u043e \\u0443\\u0441\\u043b\\u0443\\u0433\\u0438\"]}}]"
  }
},
{
  "model": "admin.logentry",
  "pk": 71,
  "fields": {
    "action_time": "2026-04-25T12:20:35.183Z",
    "user": 1,
    "content_type": 8,
    "object_id": "17",
    "object_repr": "2112",
    "action_flag": 2,
    "change_message": "[]"
  }
},
{
  "model": "admin.logentry",
  "pk": 72,
  "fields": {
    "action_time": "2026-04-26T06:56:28.503Z",
    "user": 1,
    "content_type": 8,
    "object_id": "17",
    "object_repr": "Стрижка мужская",
    "action_flag": 2,
    "change_message": "[{\"changed\": {\"fields\": [\"\\u041d\\u0430\\u0437\\u0432\\u0430\\u043d\\u0438\\u0435 \\u0443\\u0441\\u043b\\u0443\\u0433\\u0438\"]}}]"
  }
},
{
  "model": "admin.logentry",
  "pk": 73,
  "fields": {
    "action_time": "2026-04-26T06:56:50.688Z",
    "user": 1,
    "content_type": 8,
    "object_id": "17",
    "object_repr": "Стрижка первая линия",
    "action_flag": 2,
    "change_message": "[{\"changed\": {\"fields\": [\"\\u041d\\u0430\\u0437\\u0432\\u0430\\u043d\\u0438\\u0435 \\u0443\\u0441\\u043b\\u0443\\u0433\\u0438\", \"URL-\\u0438\\u0434\\u0435\\u043d\\u0442\\u0438\\u0444\\u0438\\u043a\\u0430\\u0442\\u043e\\u0440\"]}}]"
  }
},
{
  "model": "admin.logentry",
  "pk": 74,
  "fields": {
    "action_time": "2026-04-26T06:57:17.337Z",
    "user": 1,
    "content_type": 8,
    "object_id": "17",
    "object_repr": "Стрижка первая линия",
    "action_flag": 2,
    "change_message": "[{\"changed\": {\"name\": \"\\u0412\\u0430\\u0440\\u0438\\u0430\\u043d\\u0442 \\u0443\\u0441\\u043b\\u0443\\u0433\\u0438\", \"object\": \"\\u0421\\u0442\\u0440\\u0438\\u0436\\u043a\\u0430 \\u043f\\u0435\\u0440\\u0432\\u0430\\u044f \\u043b\\u0438\\u043d\\u0438\\u044f (\\u0420\\u0435\\u0439\\u043d\\u0434\\u0436\\u0435\\u0440)\", \"fields\": [\"Price\", \"Duration minutes\"]}}, {\"changed\": {\"name\": \"\\u0412\\u0430\\u0440\\u0438\\u0430\\u043d\\u0442 \\u0443\\u0441\\u043b\\u0443\\u0433\\u0438\", \"object\": \"\\u0421\\u0442\\u0440\\u0438\\u0436\\u043a\\u0430 \\u043f\\u0435\\u0440\\u0432\\u0430\\u044f \\u043b\\u0438\\u043d\\u0438\\u044f (\\u0428\\u043a\\u0438\\u043f\\u0435\\u0440)\", \"fields\": [\"Price\", \"Duration minutes\"]}}, {\"changed\": {\"name\": \"\\u0412\\u0430\\u0440\\u0438\\u0430\\u043d\\u0442 \\u0443\\u0441\\u043b\\u0443\\u0433\\u0438\", \"object\": \"\\u0421\\u0442\\u0440\\u0438\\u0436\\u043a\\u0430 \\u043f\\u0435\\u0440\\u0432\\u0430\\u044f \\u043b\\u0438\\u043d\\u0438\\u044f (\\u041a\\u0430\\u043f\\u0438\\u0442\\u0430\\u043d)\", \"fields\": [\"Price\", \"Duration minutes\"]}}]"
  }
},
{
  "model": "admin.logentry",
  "pk": 75,
  "fields": {
    "action_time": "2026-04-26T06:58:14.275Z",
    "user": 1,
    "content_type": 8,
    "object_id": "17",
    "object_repr": "Стрижка первая линия",
    "action_flag": 2,
    "change_message": "[{\"changed\": {\"fields\": [\"\\u041f\\u043e\\u0434\\u0437\\u0430\\u0433\\u043e\\u043b\\u043e\\u0432\\u043e\\u043a\", \"\\u041e\\u043f\\u0438\\u0441\\u0430\\u043d\\u0438\\u0435\"]}}]"
  }
},
{
  "model": "admin.logentry",
  "pk": 76,
  "fields": {
    "action_time": "2026-04-26T11:12:49.126Z",
    "user": 1,
    "content_type": 8,
    "object_id": "18",
    "object_repr": "Стрижка «Флагман»",
    "action_flag": 1,
    "change_message": "[{\"added\": {}}, {\"added\": {\"name\": \"\\u0412\\u0430\\u0440\\u0438\\u0430\\u043d\\u0442 \\u0443\\u0441\\u043b\\u0443\\u0433\\u0438\", \"object\": \"\\u0421\\u0442\\u0440\\u0438\\u0436\\u043a\\u0430 \\u00ab\\u0424\\u043b\\u0430\\u0433\\u043c\\u0430\\u043d\\u00bb (\\u0420\\u0435\\u0439\\u043d\\u0434\\u0436\\u0435\\u0440)\"}}, {\"added\": {\"name\": \"\\u0412\\u0430\\u0440\\u0438\\u0430\\u043d\\u0442 \\u0443\\u0441\\u043b\\u0443\\u0433\\u0438\", \"object\": \"\\u0421\\u0442\\u0440\\u0438\\u0436\\u043a\\u0430 \\u00ab\\u0424\\u043b\\u0430\\u0433\\u043c\\u0430\\u043d\\u00bb (\\u0428\\u043a\\u0438\\u043f\\u0435\\u0440)\"}}, {\"added\": {\"name\": \"\\u0412\\u0430\\u0440\\u0438\\u0430\\u043d\\u0442 \\u0443\\u0441\\u043b\\u0443\\u0433\\u0438\", \"object\": \"\\u0421\\u0442\\u0440\\u0438\\u0436\\u043a\\u0430 \\u00ab\\u0424\\u043b\\u0430\\u0433\\u043c\\u0430\\u043d\\u00bb (\\u041a\\u0430\\u043f\\u0438\\u0442\\u0430\\u043d)\"}}]"
  }
},
{
  "model": "admin.logentry",
  "pk": 77,
  "fields": {
    "action_time": "2026-04-26T18:50:23.830Z",
    "user": 1,
    "content_type": 11,
    "object_id": "10",
    "object_repr": "Стрижка «Флагман» — Рейнджер",
    "action_flag": 2,
    "change_message": "[{\"changed\": {\"fields\": [\"\\u041e\\u043f\\u0438\\u0441\\u0430\\u043d\\u0438\\u0435 \\u0434\\u043b\\u044f \\u044d\\u0442\\u043e\\u0433\\u043e \\u0443\\u0440\\u043e\\u0432\\u043d\\u044f\"]}}]"
  }
},
{
  "model": "admin.logentry",
  "pk": 78,
  "fields": {
    "action_time": "2026-04-26T19:35:21.845Z",
    "user": 1,
    "content_type": 8,
    "object_id": "18",
    "object_repr": "Стрижка «Флагман»",
    "action_flag": 2,
    "change_message": "[{\"changed\": {\"fields\": [\"\\u0424\\u043e\\u0442\\u043e \\u0443\\u0441\\u043b\\u0443\\u0433\\u0438\"]}}]"
  }
},
{
  "model": "admin.logentry",
  "pk": 79,
  "fields": {
    "action_time": "2026-04-26T19:36:13.283Z",
    "user": 1,
    "content_type": 11,
    "object_id": "11",
    "object_repr": "Стрижка «Флагман» — Шкипер",
    "action_flag": 2,
    "change_message": "[{\"changed\": {\"fields\": [\"\\u041e\\u043f\\u0438\\u0441\\u0430\\u043d\\u0438\\u0435 \\u0434\\u043b\\u044f \\u044d\\u0442\\u043e\\u0433\\u043e \\u0443\\u0440\\u043e\\u0432\\u043d\\u044f\"]}}]"
  }
},
{
  "model": "admin.logentry",
  "pk": 80,
  "fields": {
    "action_time": "2026-04-26T19:36:19.010Z",
    "user": 1,
    "content_type": 11,
    "object_id": "12",
    "object_repr": "Стрижка «Флагман» — Капитан",
    "action_flag": 2,
    "change_message": "[{\"changed\": {\"fields\": [\"\\u041e\\u043f\\u0438\\u0441\\u0430\\u043d\\u0438\\u0435 \\u0434\\u043b\\u044f \\u044d\\u0442\\u043e\\u0433\\u043e \\u0443\\u0440\\u043e\\u0432\\u043d\\u044f\"]}}]"
  }
},
{
  "model": "admin.logentry",
  "pk": 81,
  "fields": {
    "action_time": "2026-04-26T19:36:28.465Z",
    "user": 1,
    "content_type": 11,
    "object_id": "12",
    "object_repr": "Стрижка «Флагман» — Капитан",
    "action_flag": 2,
    "change_message": "[{\"changed\": {\"fields\": [\"\\u041e\\u043f\\u0438\\u0441\\u0430\\u043d\\u0438\\u0435 \\u0434\\u043b\\u044f \\u044d\\u0442\\u043e\\u0433\\u043e \\u0443\\u0440\\u043e\\u0432\\u043d\\u044f\"]}}]"
  }
},
{
  "model": "admin.logentry",
  "pk": 82,
  "fields": {
    "action_time": "2026-05-05T05:44:28.066Z",
    "user": 1,
    "content_type": 11,
    "object_id": "10",
    "object_repr": "Стрижка «Флагман» — Рейнджер",
    "action_flag": 2,
    "change_message": "[{\"changed\": {\"fields\": [\"\\u041e\\u043f\\u0438\\u0441\\u0430\\u043d\\u0438\\u0435 \\u0434\\u043b\\u044f \\u044d\\u0442\\u043e\\u0433\\u043e \\u0443\\u0440\\u043e\\u0432\\u043d\\u044f\"]}}]"
  }
},
{
  "model": "admin.logentry",
  "pk": 83,
  "fields": {
    "action_time": "2026-05-05T05:44:30.957Z",
    "user": 1,
    "content_type": 11,
    "object_id": "11",
    "object_repr": "Стрижка «Флагман» — Шкипер",
    "action_flag": 2,
    "change_message": "[{\"changed\": {\"fields\": [\"\\u041e\\u043f\\u0438\\u0441\\u0430\\u043d\\u0438\\u0435 \\u0434\\u043b\\u044f \\u044d\\u0442\\u043e\\u0433\\u043e \\u0443\\u0440\\u043e\\u0432\\u043d\\u044f\"]}}]"
  }
},
{
  "model": "admin.logentry",
  "pk": 84,
  "fields": {
    "action_time": "2026-05-05T05:44:33.903Z",
    "user": 1,
    "content_type": 11,
    "object_id": "12",
    "object_repr": "Стрижка «Флагман» — Капитан",
    "action_flag": 2,
    "change_message": "[{\"changed\": {\"fields\": [\"\\u041e\\u043f\\u0438\\u0441\\u0430\\u043d\\u0438\\u0435 \\u0434\\u043b\\u044f \\u044d\\u0442\\u043e\\u0433\\u043e \\u0443\\u0440\\u043e\\u0432\\u043d\\u044f\"]}}]"
  }
},
{
  "model": "admin.logentry",
  "pk": 85,
  "fields": {
    "action_time": "2026-05-05T05:44:38.221Z",
    "user": 1,
    "content_type": 11,
    "object_id": "11",
    "object_repr": "Стрижка «Флагман» — Шкипер",
    "action_flag": 2,
    "change_message": "[{\"changed\": {\"fields\": [\"\\u041e\\u043f\\u0438\\u0441\\u0430\\u043d\\u0438\\u0435 \\u0434\\u043b\\u044f \\u044d\\u0442\\u043e\\u0433\\u043e \\u0443\\u0440\\u043e\\u0432\\u043d\\u044f\"]}}]"
  }
},
{
  "model": "admin.logentry",
  "pk": 86,
  "fields": {
    "action_time": "2026-05-05T05:44:41.521Z",
    "user": 1,
    "content_type": 11,
    "object_id": "12",
    "object_repr": "Стрижка «Флагман» — Капитан",
    "action_flag": 2,
    "change_message": "[{\"changed\": {\"fields\": [\"\\u041e\\u043f\\u0438\\u0441\\u0430\\u043d\\u0438\\u0435 \\u0434\\u043b\\u044f \\u044d\\u0442\\u043e\\u0433\\u043e \\u0443\\u0440\\u043e\\u0432\\u043d\\u044f\"]}}]"
  }
},
{
  "model": "admin.logentry",
  "pk": 87,
  "fields": {
    "action_time": "2026-05-05T05:44:54.323Z",
    "user": 1,
    "content_type": 11,
    "object_id": "7",
    "object_repr": "Стрижка первая линия — Рейнджер",
    "action_flag": 2,
    "change_message": "[{\"changed\": {\"fields\": [\"\\u041e\\u043f\\u0438\\u0441\\u0430\\u043d\\u0438\\u0435 \\u0434\\u043b\\u044f \\u044d\\u0442\\u043e\\u0433\\u043e \\u0443\\u0440\\u043e\\u0432\\u043d\\u044f\"]}}]"
  }
},
{
  "model": "admin.logentry",
  "pk": 88,
  "fields": {
    "action_time": "2026-05-05T05:44:57.717Z",
    "user": 1,
    "content_type": 11,
    "object_id": "8",
    "object_repr": "Стрижка первая линия — Шкипер",
    "action_flag": 2,
    "change_message": "[{\"changed\": {\"fields\": [\"\\u041e\\u043f\\u0438\\u0441\\u0430\\u043d\\u0438\\u0435 \\u0434\\u043b\\u044f \\u044d\\u0442\\u043e\\u0433\\u043e \\u0443\\u0440\\u043e\\u0432\\u043d\\u044f\"]}}]"
  }
},
{
  "model": "admin.logentry",
  "pk": 89,
  "fields": {
    "action_time": "2026-05-05T05:45:01.514Z",
    "user": 1,
    "content_type": 11,
    "object_id": "9",
    "object_repr": "Стрижка первая линия — Капитан",
    "action_flag": 2,
    "change_message": "[{\"changed\": {\"fields\": [\"\\u041e\\u043f\\u0438\\u0441\\u0430\\u043d\\u0438\\u0435 \\u0434\\u043b\\u044f \\u044d\\u0442\\u043e\\u0433\\u043e \\u0443\\u0440\\u043e\\u0432\\u043d\\u044f\"]}}]"
  }
},
{
  "model": "admin.logentry",
  "pk": 90,
  "fields": {
    "action_time": "2026-05-05T06:32:06.300Z",
    "user": 1,
    "content_type": 12,
    "object_id": "1",
    "object_repr": "Острые козырьки бомба пушка (Широкий (16:9) — Горизонтальный)",
    "action_flag": 1,
    "change_message": "[{\"added\": {}}]"
  }
},
{
  "model": "admin.logentry",
  "pk": 91,
  "fields": {
    "action_time": "2026-05-05T06:32:09.359Z",
    "user": 1,
    "content_type": 12,
    "object_id": "1",
    "object_repr": "Острые козырьки бомба пушка (Широкий (16:9) — Горизонтальный)",
    "action_flag": 2,
    "change_message": "[]"
  }
},
{
  "model": "admin.logentry",
  "pk": 92,
  "fields": {
    "action_time": "2026-05-05T06:53:33.777Z",
    "user": 1,
    "content_type": 12,
    "object_id": "2",
    "object_repr": "Work object (2)",
    "action_flag": 1,
    "change_message": "[{\"added\": {}}]"
  }
},
{
  "model": "admin.logentry",
  "pk": 93,
  "fields": {
    "action_time": "2026-05-05T06:54:13.014Z",
    "user": 1,
    "content_type": 12,
    "object_id": "3",
    "object_repr": "Work object (3)",
    "action_flag": 1,
    "change_message": "[{\"added\": {}}]"
  }
},
{
  "model": "admin.logentry",
  "pk": 94,
  "fields": {
    "action_time": "2026-05-05T06:54:45.603Z",
    "user": 1,
    "content_type": 12,
    "object_id": "4",
    "object_repr": "Work object (4)",
    "action_flag": 1,
    "change_message": "[{\"added\": {}}]"
  }
},
{
  "model": "admin.logentry",
  "pk": 95,
  "fields": {
    "action_time": "2026-05-05T07:00:02.337Z",
    "user": 1,
    "content_type": 12,
    "object_id": "5",
    "object_repr": "Work object (5)",
    "action_flag": 1,
    "change_message": "[{\"added\": {}}]"
  }
},
{
  "model": "admin.logentry",
  "pk": 96,
  "fields": {
    "action_time": "2026-05-05T07:00:16.582Z",
    "user": 1,
    "content_type": 12,
    "object_id": "1",
    "object_repr": "Work object (1)",
    "action_flag": 3,
    "change_message": ""
  }
},
{
  "model": "admin.logentry",
  "pk": 97,
  "fields": {
    "action_time": "2026-05-05T07:00:32.690Z",
    "user": 1,
    "content_type": 12,
    "object_id": "6",
    "object_repr": "Work object (6)",
    "action_flag": 1,
    "change_message": "[{\"added\": {}}]"
  }
},
{
  "model": "admin.logentry",
  "pk": 98,
  "fields": {
    "action_time": "2026-05-05T07:00:50.063Z",
    "user": 1,
    "content_type": 12,
    "object_id": "7",
    "object_repr": "Work object (7)",
    "action_flag": 1,
    "change_message": "[{\"added\": {}}]"
  }
},
{
  "model": "admin.logentry",
  "pk": 99,
  "fields": {
    "action_time": "2026-05-05T07:08:43.199Z",
    "user": 1,
    "content_type": 12,
    "object_id": "2",
    "object_repr": "Work object (2)",
    "action_flag": 3,
    "change_message": ""
  }
},
{
  "model": "admin.logentry",
  "pk": 100,
  "fields": {
    "action_time": "2026-05-05T07:08:43.199Z",
    "user": 1,
    "content_type": 12,
    "object_id": "3",
    "object_repr": "Work object (3)",
    "action_flag": 3,
    "change_message": ""
  }
},
{
  "model": "admin.logentry",
  "pk": 101,
  "fields": {
    "action_time": "2026-05-05T07:08:43.199Z",
    "user": 1,
    "content_type": 12,
    "object_id": "4",
    "object_repr": "Work object (4)",
    "action_flag": 3,
    "change_message": ""
  }
},
{
  "model": "admin.logentry",
  "pk": 102,
  "fields": {
    "action_time": "2026-05-05T07:08:43.199Z",
    "user": 1,
    "content_type": 12,
    "object_id": "6",
    "object_repr": "Work object (6)",
    "action_flag": 3,
    "change_message": ""
  }
},
{
  "model": "admin.logentry",
  "pk": 103,
  "fields": {
    "action_time": "2026-05-05T07:08:43.199Z",
    "user": 1,
    "content_type": 12,
    "object_id": "5",
    "object_repr": "Work object (5)",
    "action_flag": 3,
    "change_message": ""
  }
},
{
  "model": "admin.logentry",
  "pk": 104,
  "fields": {
    "action_time": "2026-05-05T07:08:43.199Z",
    "user": 1,
    "content_type": 12,
    "object_id": "7",
    "object_repr": "Work object (7)",
    "action_flag": 3,
    "change_message": ""
  }
},
{
  "model": "admin.logentry",
  "pk": 105,
  "fields": {
    "action_time": "2026-05-05T07:08:52.283Z",
    "user": 1,
    "content_type": 12,
    "object_id": "8",
    "object_repr": "Work object (8)",
    "action_flag": 1,
    "change_message": "[{\"added\": {}}]"
  }
},
{
  "model": "admin.logentry",
  "pk": 106,
  "fields": {
    "action_time": "2026-05-05T07:08:59.484Z",
    "user": 1,
    "content_type": 12,
    "object_id": "9",
    "object_repr": "Work object (9)",
    "action_flag": 1,
    "change_message": "[{\"added\": {}}]"
  }
},
{
  "model": "admin.logentry",
  "pk": 107,
  "fields": {
    "action_time": "2026-05-05T07:09:06.416Z",
    "user": 1,
    "content_type": 12,
    "object_id": "10",
    "object_repr": "Work object (10)",
    "action_flag": 1,
    "change_message": "[{\"added\": {}}]"
  }
},
{
  "model": "admin.logentry",
  "pk": 108,
  "fields": {
    "action_time": "2026-05-05T07:18:59.735Z",
    "user": 1,
    "content_type": 12,
    "object_id": "8",
    "object_repr": "Work object (8)",
    "action_flag": 3,
    "change_message": ""
  }
},
{
  "model": "admin.logentry",
  "pk": 109,
  "fields": {
    "action_time": "2026-05-05T07:18:59.735Z",
    "user": 1,
    "content_type": 12,
    "object_id": "9",
    "object_repr": "Work object (9)",
    "action_flag": 3,
    "change_message": ""
  }
},
{
  "model": "admin.logentry",
  "pk": 110,
  "fields": {
    "action_time": "2026-05-05T07:18:59.735Z",
    "user": 1,
    "content_type": 12,
    "object_id": "10",
    "object_repr": "Work object (10)",
    "action_flag": 3,
    "change_message": ""
  }
},
{
  "model": "admin.logentry",
  "pk": 111,
  "fields": {
    "action_time": "2026-05-05T07:20:12.277Z",
    "user": 1,
    "content_type": 12,
    "object_id": "11",
    "object_repr": "Work object (11)",
    "action_flag": 1,
    "change_message": "[{\"added\": {}}]"
  }
},
{
  "model": "admin.logentry",
  "pk": 112,
  "fields": {
    "action_time": "2026-05-05T07:20:21.675Z",
    "user": 1,
    "content_type": 12,
    "object_id": "12",
    "object_repr": "Work object (12)",
    "action_flag": 1,
    "change_message": "[{\"added\": {}}]"
  }
},
{
  "model": "admin.logentry",
  "pk": 113,
  "fields": {
    "action_time": "2026-05-05T07:20:24.697Z",
    "user": 1,
    "content_type": 12,
    "object_id": "11",
    "object_repr": "Work object (11)",
    "action_flag": 2,
    "change_message": "[{\"changed\": {\"fields\": [\"\\u041f\\u043e\\u0440\\u044f\\u0434\\u043e\\u043a \\u0441\\u043e\\u0440\\u0442\\u0438\\u0440\\u043e\\u0432\\u043a\\u0438\"]}}]"
  }
},
{
  "model": "admin.logentry",
  "pk": 114,
  "fields": {
    "action_time": "2026-05-05T07:20:32.434Z",
    "user": 1,
    "content_type": 12,
    "object_id": "13",
    "object_repr": "Work object (13)",
    "action_flag": 1,
    "change_message": "[{\"added\": {}}]"
  }
},
{
  "model": "admin.logentry",
  "pk": 115,
  "fields": {
    "action_time": "2026-05-05T07:20:40.674Z",
    "user": 1,
    "content_type": 12,
    "object_id": "14",
    "object_repr": "Work object (14)",
    "action_flag": 1,
    "change_message": "[{\"added\": {}}]"
  }
},
{
  "model": "admin.logentry",
  "pk": 116,
  "fields": {
    "action_time": "2026-05-05T07:20:49.682Z",
    "user": 1,
    "content_type": 12,
    "object_id": "15",
    "object_repr": "Work object (15)",
    "action_flag": 1,
    "change_message": "[{\"added\": {}}]"
  }
},
{
  "model": "admin.logentry",
  "pk": 117,
  "fields": {
    "action_time": "2026-05-05T07:32:53.426Z",
    "user": 1,
    "content_type": 12,
    "object_id": "12",
    "object_repr": "Работа #12 — Базовый квадрат (1x1)",
    "action_flag": 3,
    "change_message": ""
  }
},
{
  "model": "admin.logentry",
  "pk": 118,
  "fields": {
    "action_time": "2026-05-05T07:32:53.426Z",
    "user": 1,
    "content_type": 12,
    "object_id": "11",
    "object_repr": "Работа #11 — Базовый квадрат (1x1)",
    "action_flag": 3,
    "change_message": ""
  }
},
{
  "model": "admin.logentry",
  "pk": 119,
  "fields": {
    "action_time": "2026-05-05T07:32:53.426Z",
    "user": 1,
    "content_type": 12,
    "object_id": "13",
    "object_repr": "Работа #13 — tall",
    "action_flag": 3,
    "change_message": ""
  }
},
{
  "model": "admin.logentry",
  "pk": 120,
  "fields": {
    "action_time": "2026-05-05T07:32:53.426Z",
    "user": 1,
    "content_type": 12,
    "object_id": "14",
    "object_repr": "Работа #14 — Большой квадрат (2x2)",
    "action_flag": 3,
    "change_message": ""
  }
},
{
  "model": "admin.logentry",
  "pk": 121,
  "fields": {
    "action_time": "2026-05-05T07:32:53.426Z",
    "user": 1,
    "content_type": 12,
    "object_id": "15",
    "object_repr": "Работа #15 — wide",
    "action_flag": 3,
    "change_message": ""
  }
},
{
  "model": "admin.logentry",
  "pk": 122,
  "fields": {
    "action_time": "2026-05-05T07:33:09.223Z",
    "user": 1,
    "content_type": 12,
    "object_id": "16",
    "object_repr": "Работа #16 — Базовый квадрат (1x1)",
    "action_flag": 1,
    "change_message": "[{\"added\": {}}]"
  }
},
{
  "model": "admin.logentry",
  "pk": 123,
  "fields": {
    "action_time": "2026-05-05T07:33:21.980Z",
    "user": 1,
    "content_type": 12,
    "object_id": "17",
    "object_repr": "Работа #17 — Большой квадрат (2x2)",
    "action_flag": 1,
    "change_message": "[{\"added\": {}}]"
  }
},
{
  "model": "admin.logentry",
  "pk": 124,
  "fields": {
    "action_time": "2026-05-05T07:33:23.504Z",
    "user": 1,
    "content_type": 12,
    "object_id": "16",
    "object_repr": "Работа #16 — Базовый квадрат (1x1)",
    "action_flag": 2,
    "change_message": "[{\"changed\": {\"fields\": [\"\\u041f\\u043e\\u0440\\u044f\\u0434\\u043e\\u043a \\u0441\\u043e\\u0440\\u0442\\u0438\\u0440\\u043e\\u0432\\u043a\\u0438\"]}}]"
  }
},
{
  "model": "admin.logentry",
  "pk": 125,
  "fields": {
    "action_time": "2026-05-05T07:33:30.419Z",
    "user": 1,
    "content_type": 12,
    "object_id": "18",
    "object_repr": "Работа #18 — Базовый квадрат (1x1)",
    "action_flag": 1,
    "change_message": "[{\"added\": {}}]"
  }
},
{
  "model": "admin.logentry",
  "pk": 126,
  "fields": {
    "action_time": "2026-05-05T07:33:39.432Z",
    "user": 1,
    "content_type": 12,
    "object_id": "19",
    "object_repr": "Работа #19 — Горизонтальный (2x1)",
    "action_flag": 1,
    "change_message": "[{\"added\": {}}]"
  }
},
{
  "model": "admin.logentry",
  "pk": 127,
  "fields": {
    "action_time": "2026-05-05T07:33:48.348Z",
    "user": 1,
    "content_type": 12,
    "object_id": "20",
    "object_repr": "Работа #20 — Горизонтальный (2x1)",
    "action_flag": 1,
    "change_message": "[{\"added\": {}}]"
  }
},
{
  "model": "admin.logentry",
  "pk": 128,
  "fields": {
    "action_time": "2026-05-05T07:35:44.032Z",
    "user": 1,
    "content_type": 12,
    "object_id": "21",
    "object_repr": "Работа #21 — Вертикальный (1x2)",
    "action_flag": 1,
    "change_message": "[{\"added\": {}}]"
  }
},
{
  "model": "admin.logentry",
  "pk": 129,
  "fields": {
    "action_time": "2026-05-05T07:36:00.195Z",
    "user": 1,
    "content_type": 12,
    "object_id": "22",
    "object_repr": "Работа #22 — Базовый квадрат (1x1)",
    "action_flag": 1,
    "change_message": "[{\"added\": {}}]"
  }
},
{
  "model": "admin.logentry",
  "pk": 130,
  "fields": {
    "action_time": "2026-05-05T07:36:27.973Z",
    "user": 1,
    "content_type": 12,
    "object_id": "19",
    "object_repr": "Работа #19 — Горизонтальный (2x1)",
    "action_flag": 3,
    "change_message": ""
  }
},
{
  "model": "admin.logentry",
  "pk": 131,
  "fields": {
    "action_time": "2026-05-05T07:36:27.973Z",
    "user": 1,
    "content_type": 12,
    "object_id": "20",
    "object_repr": "Работа #20 — Горизонтальный (2x1)",
    "action_flag": 3,
    "change_message": ""
  }
},
{
  "model": "admin.logentry",
  "pk": 132,
  "fields": {
    "action_time": "2026-05-05T07:37:17.850Z",
    "user": 1,
    "content_type": 12,
    "object_id": "23",
    "object_repr": "Работа #23 — Вертикальный (1x2)",
    "action_flag": 1,
    "change_message": "[{\"added\": {}}]"
  }
},
{
  "model": "admin.logentry",
  "pk": 133,
  "fields": {
    "action_time": "2026-05-05T07:37:29.447Z",
    "user": 1,
    "content_type": 12,
    "object_id": "24",
    "object_repr": "Работа #24 — Базовый квадрат (1x1)",
    "action_flag": 1,
    "change_message": "[{\"added\": {}}]"
  }
},
{
  "model": "admin.logentry",
  "pk": 134,
  "fields": {
    "action_time": "2026-05-05T07:55:09.683Z",
    "user": 1,
    "content_type": 12,
    "object_id": "25",
    "object_repr": "Работа #25 — Большой квадрат (2x2)",
    "action_flag": 1,
    "change_message": "[{\"added\": {}}]"
  }
},
{
  "model": "admin.logentry",
  "pk": 135,
  "fields": {
    "action_time": "2026-05-05T07:55:20.381Z",
    "user": 1,
    "content_type": 12,
    "object_id": "26",
    "object_repr": "Работа #26 — Горизонтальный (2x1)",
    "action_flag": 1,
    "change_message": "[{\"added\": {}}]"
  }
},
{
  "model": "admin.logentry",
  "pk": 136,
  "fields": {
    "action_time": "2026-05-05T07:55:35.721Z",
    "user": 1,
    "content_type": 12,
    "object_id": "27",
    "object_repr": "Работа #27 — Базовый квадрат (1x1)",
    "action_flag": 1,
    "change_message": "[{\"added\": {}}]"
  }
},
{
  "model": "admin.logentry",
  "pk": 137,
  "fields": {
    "action_time": "2026-05-05T07:55:49.543Z",
    "user": 1,
    "content_type": 12,
    "object_id": "28",
    "object_repr": "Работа #28 — Базовый квадрат (1x1)",
    "action_flag": 1,
    "change_message": "[{\"added\": {}}]"
  }
},
{
  "model": "admin.logentry",
  "pk": 138,
  "fields": {
    "action_time": "2026-05-05T07:55:56.060Z",
    "user": 1,
    "content_type": 12,
    "object_id": "27",
    "object_repr": "Работа #27 — Базовый квадрат (1x1)",
    "action_flag": 2,
    "change_message": "[{\"changed\": {\"fields\": [\"\\u041f\\u043e\\u043a\\u0430\\u0437\\u044b\\u0432\\u0430\\u0442\\u044c \\u043d\\u0430 \\u0433\\u043b\\u0430\\u0432\\u043d\\u043e\\u0439\"]}}]"
  }
},
{
  "model": "admin.logentry",
  "pk": 139,
  "fields": {
    "action_time": "2026-05-05T14:58:30.929Z",
    "user": 1,
    "content_type": 12,
    "object_id": "28",
    "object_repr": "Работа #28 — Базовый квадрат (1x1)",
    "action_flag": 2,
    "change_message": "[{\"changed\": {\"fields\": [\"\\u041f\\u043e\\u043a\\u0430\\u0437\\u044b\\u0432\\u0430\\u0442\\u044c \\u043d\\u0430 \\u0433\\u043b\\u0430\\u0432\\u043d\\u043e\\u0439\"]}}]"
  }
},
{
  "model": "admin.logentry",
  "pk": 140,
  "fields": {
    "action_time": "2026-05-05T14:58:30.948Z",
    "user": 1,
    "content_type": 12,
    "object_id": "27",
    "object_repr": "Работа #27 — Базовый квадрат (1x1)",
    "action_flag": 2,
    "change_message": "[{\"changed\": {\"fields\": [\"\\u041f\\u043e\\u043a\\u0430\\u0437\\u044b\\u0432\\u0430\\u0442\\u044c \\u043d\\u0430 \\u0433\\u043b\\u0430\\u0432\\u043d\\u043e\\u0439\"]}}]"
  }
},
{
  "model": "admin.logentry",
  "pk": 141,
  "fields": {
    "action_time": "2026-05-07T14:53:39.106Z",
    "user": 1,
    "content_type": 9,
    "object_id": "1",
    "object_repr": "Евгений Белов (Рейнджеры)",
    "action_flag": 1,
    "change_message": "[{\"added\": {}}]"
  }
},
{
  "model": "admin.logentry",
  "pk": 142,
  "fields": {
    "action_time": "2026-05-07T15:00:09.980Z",
    "user": 1,
    "content_type": 9,
    "object_id": "1",
    "object_repr": "Евгений Белов (Рейнджер) — 1 год",
    "action_flag": 2,
    "change_message": "[{\"changed\": {\"fields\": [\"\\u0421\\u0442\\u0430\\u0436 \\u0440\\u0430\\u0431\\u043e\\u0442\\u044b (\\u0432 \\u043c\\u0435\\u0441\\u044f\\u0446\\u0430\\u0445)\"]}}]"
  }
},
{
  "model": "admin.logentry",
  "pk": 143,
  "fields": {
    "action_time": "2026-05-07T15:00:15.162Z",
    "user": 1,
    "content_type": 9,
    "object_id": "1",
    "object_repr": "Евгений Белов (Рейнджер) — 1 год",
    "action_flag": 2,
    "change_message": "[]"
  }
},
{
  "model": "admin.logentry",
  "pk": 144,
  "fields": {
    "action_time": "2026-05-07T15:00:26.648Z",
    "user": 1,
    "content_type": 9,
    "object_id": "1",
    "object_repr": "Евгений Белов (Рейнджер) — 2 года",
    "action_flag": 2,
    "change_message": "[{\"changed\": {\"fields\": [\"\\u0421\\u0442\\u0430\\u0436 \\u0440\\u0430\\u0431\\u043e\\u0442\\u044b (\\u0432 \\u043c\\u0435\\u0441\\u044f\\u0446\\u0430\\u0445)\"]}}]"
  }
},
{
  "model": "admin.logentry",
  "pk": 145,
  "fields": {
    "action_time": "2026-05-07T15:00:34.772Z",
    "user": 1,
    "content_type": 9,
    "object_id": "1",
    "object_repr": "Евгений Белов (Рейнджер) — 2 года",
    "action_flag": 2,
    "change_message": "[]"
  }
},
{
  "model": "admin.logentry",
  "pk": 146,
  "fields": {
    "action_time": "2026-05-07T15:16:51.843Z",
    "user": 1,
    "content_type": 9,
    "object_id": "2",
    "object_repr": "Алексей Рыжиков (Рейнджер) — 2 года 11 месяцев",
    "action_flag": 1,
    "change_message": "[{\"added\": {}}]"
  }
},
{
  "model": "admin.logentry",
  "pk": 147,
  "fields": {
    "action_time": "2026-05-07T15:17:02.855Z",
    "user": 1,
    "content_type": 9,
    "object_id": "1",
    "object_repr": "Евгений Белов (Шкипер) — 2 года",
    "action_flag": 2,
    "change_message": "[{\"changed\": {\"fields\": [\"\\u041a\\u0432\\u0430\\u043b\\u0438\\u0444\\u0438\\u043a\\u0430\\u0446\\u0438\\u044f\"]}}]"
  }
},
{
  "model": "admin.logentry",
  "pk": 148,
  "fields": {
    "action_time": "2026-05-07T15:17:09.426Z",
    "user": 1,
    "content_type": 9,
    "object_id": "1",
    "object_repr": "Евгений Белов (Шкипер) — 2 года",
    "action_flag": 2,
    "change_message": "[]"
  }
},
{
  "model": "admin.logentry",
  "pk": 149,
  "fields": {
    "action_time": "2026-05-07T15:17:13.025Z",
    "user": 1,
    "content_type": 9,
    "object_id": "2",
    "object_repr": "Алексей Рыжиков (Капитан) — 2 года 11 месяцев",
    "action_flag": 2,
    "change_message": "[{\"changed\": {\"fields\": [\"\\u041a\\u0432\\u0430\\u043b\\u0438\\u0444\\u0438\\u043a\\u0430\\u0446\\u0438\\u044f\"]}}]"
  }
},
{
  "model": "admin.logentry",
  "pk": 150,
  "fields": {
    "action_time": "2026-05-07T15:17:18.762Z",
    "user": 1,
    "content_type": 9,
    "object_id": "1",
    "object_repr": "Евгений Белов (Шкипер) — 2 года",
    "action_flag": 2,
    "change_message": "[{\"changed\": {\"fields\": [\"\\u0424\\u043e\\u0442\\u043e\"]}}]"
  }
},
{
  "model": "admin.logentry",
  "pk": 151,
  "fields": {
    "action_time": "2026-05-07T15:17:37.918Z",
    "user": 1,
    "content_type": 9,
    "object_id": "3",
    "object_repr": "Игорь Синяк (Шкипер) — 2 года 3 месяца",
    "action_flag": 1,
    "change_message": "[{\"added\": {}}]"
  }
},
{
  "model": "admin.logentry",
  "pk": 152,
  "fields": {
    "action_time": "2026-05-07T15:25:33.527Z",
    "user": 1,
    "content_type": 8,
    "object_id": "18",
    "object_repr": "Стрижка «Флагман»",
    "action_flag": 3,
    "change_message": ""
  }
},
{
  "model": "admin.logentry",
  "pk": 153,
  "fields": {
    "action_time": "2026-05-07T15:25:33.527Z",
    "user": 1,
    "content_type": 8,
    "object_id": "17",
    "object_repr": "Стрижка первая линия",
    "action_flag": 3,
    "change_message": ""
  }
},
{
  "model": "admin.logentry",
  "pk": 154,
  "fields": {
    "action_time": "2026-05-07T15:26:39.356Z",
    "user": 1,
    "content_type": 8,
    "object_id": "19",
    "object_repr": "стрижка флагман",
    "action_flag": 1,
    "change_message": "[{\"added\": {}}, {\"added\": {\"name\": \"\\u0412\\u0430\\u0440\\u0438\\u0430\\u043d\\u0442 \\u0443\\u0441\\u043b\\u0443\\u0433\\u0438\", \"object\": \"\\u0441\\u0442\\u0440\\u0438\\u0436\\u043a\\u0430 \\u0444\\u043b\\u0430\\u0433\\u043c\\u0430\\u043d \\u2014 \\u0420\\u0435\\u0439\\u043d\\u0434\\u0436\\u0435\\u0440\"}}, {\"added\": {\"name\": \"\\u0412\\u0430\\u0440\\u0438\\u0430\\u043d\\u0442 \\u0443\\u0441\\u043b\\u0443\\u0433\\u0438\", \"object\": \"\\u0441\\u0442\\u0440\\u0438\\u0436\\u043a\\u0430 \\u0444\\u043b\\u0430\\u0433\\u043c\\u0430\\u043d \\u2014 \\u0428\\u043a\\u0438\\u043f\\u0435\\u0440\"}}, {\"added\": {\"name\": \"\\u0412\\u0430\\u0440\\u0438\\u0430\\u043d\\u0442 \\u0443\\u0441\\u043b\\u0443\\u0433\\u0438\", \"object\": \"\\u0441\\u0442\\u0440\\u0438\\u0436\\u043a\\u0430 \\u0444\\u043b\\u0430\\u0433\\u043c\\u0430\\u043d \\u2014 \\u041a\\u0430\\u043f\\u0438\\u0442\\u0430\\u043d\"}}]"
  }
},
{
  "model": "admin.logentry",
  "pk": 155,
  "fields": {
    "action_time": "2026-05-07T15:27:36.596Z",
    "user": 1,
    "content_type": 8,
    "object_id": "20",
    "object_repr": "Стрижка «Первая линия»",
    "action_flag": 1,
    "change_message": "[{\"added\": {}}, {\"added\": {\"name\": \"\\u0412\\u0430\\u0440\\u0438\\u0430\\u043d\\u0442 \\u0443\\u0441\\u043b\\u0443\\u0433\\u0438\", \"object\": \"\\u0421\\u0442\\u0440\\u0438\\u0436\\u043a\\u0430 \\u00ab\\u041f\\u0435\\u0440\\u0432\\u0430\\u044f \\u043b\\u0438\\u043d\\u0438\\u044f\\u00bb \\u2014 \\u0420\\u0435\\u0439\\u043d\\u0434\\u0436\\u0435\\u0440\"}}, {\"added\": {\"name\": \"\\u0412\\u0430\\u0440\\u0438\\u0430\\u043d\\u0442 \\u0443\\u0441\\u043b\\u0443\\u0433\\u0438\", \"object\": \"\\u0421\\u0442\\u0440\\u0438\\u0436\\u043a\\u0430 \\u00ab\\u041f\\u0435\\u0440\\u0432\\u0430\\u044f \\u043b\\u0438\\u043d\\u0438\\u044f\\u00bb \\u2014 \\u0428\\u043a\\u0438\\u043f\\u0435\\u0440\"}}, {\"added\": {\"name\": \"\\u0412\\u0430\\u0440\\u0438\\u0430\\u043d\\u0442 \\u0443\\u0441\\u043b\\u0443\\u0433\\u0438\", \"object\": \"\\u0421\\u0442\\u0440\\u0438\\u0436\\u043a\\u0430 \\u00ab\\u041f\\u0435\\u0440\\u0432\\u0430\\u044f \\u043b\\u0438\\u043d\\u0438\\u044f\\u00bb \\u2014 \\u041a\\u0430\\u043f\\u0438\\u0442\\u0430\\u043d\"}}]"
  }
},
{
  "model": "admin.logentry",
  "pk": 156,
  "fields": {
    "action_time": "2026-05-07T15:30:12.202Z",
    "user": 1,
    "content_type": 9,
    "object_id": "1",
    "object_repr": "Евгений Белов (Рейнджер) — 2 года",
    "action_flag": 2,
    "change_message": "[{\"changed\": {\"fields\": [\"\\u041a\\u0432\\u0430\\u043b\\u0438\\u0444\\u0438\\u043a\\u0430\\u0446\\u0438\\u044f\"]}}]"
  }
},
{
  "model": "admin.logentry",
  "pk": 157,
  "fields": {
    "action_time": "2026-05-07T15:37:08.287Z",
    "user": 1,
    "content_type": 13,
    "object_id": "1",
    "object_repr": "Алексей Рыжиков | 2026-05-22 11:00:00 | Свободно",
    "action_flag": 1,
    "change_message": "[{\"added\": {}}]"
  }
},
{
  "model": "admin.logentry",
  "pk": 158,
  "fields": {
    "action_time": "2026-05-07T15:37:21.352Z",
    "user": 1,
    "content_type": 13,
    "object_id": "2",
    "object_repr": "Игорь Синяк | 2026-05-07 12:00:00 | Свободно",
    "action_flag": 1,
    "change_message": "[{\"added\": {}}]"
  }
},
{
  "model": "admin.logentry",
  "pk": 159,
  "fields": {
    "action_time": "2026-05-07T15:37:33.392Z",
    "user": 1,
    "content_type": 13,
    "object_id": "3",
    "object_repr": "Евгений Белов | 2026-05-07 13:00:00 | Свободно",
    "action_flag": 1,
    "change_message": "[{\"added\": {}}]"
  }
},
{
  "model": "admin.logentry",
  "pk": 160,
  "fields": {
    "action_time": "2026-05-08T09:37:15.508Z",
    "user": 1,
    "content_type": 10,
    "object_id": "3",
    "object_repr": "Иван — Алексей Рыжиков (2026-05-22 11:00:00)",
    "action_flag": 3,
    "change_message": ""
  }
},
{
  "model": "admin.logentry",
  "pk": 161,
  "fields": {
    "action_time": "2026-05-08T09:37:15.508Z",
    "user": 1,
    "content_type": 10,
    "object_id": "2",
    "object_repr": "Анна — Алексей Рыжиков (2026-05-22 11:00:00)",
    "action_flag": 3,
    "change_message": ""
  }
},
{
  "model": "admin.logentry",
  "pk": 162,
  "fields": {
    "action_time": "2026-05-08T09:37:15.508Z",
    "user": 1,
    "content_type": 10,
    "object_id": "1",
    "object_repr": "Сабина — Алексей Рыжиков (2026-05-22 11:00:00)",
    "action_flag": 3,
    "change_message": ""
  }
},
{
  "model": "admin.logentry",
  "pk": 163,
  "fields": {
    "action_time": "2026-05-10T08:01:45.985Z",
    "user": 1,
    "content_type": 10,
    "object_id": "4",
    "object_repr": "Егор — Алексей Рыжиков (2026-05-22 11:00:00)",
    "action_flag": 3,
    "change_message": ""
  }
},
{
  "model": "admin.logentry",
  "pk": 164,
  "fields": {
    "action_time": "2026-05-10T08:01:56.914Z",
    "user": 1,
    "content_type": 9,
    "object_id": "3",
    "object_repr": "Игорь Синяк (Шкипер)",
    "action_flag": 3,
    "change_message": ""
  }
},
{
  "model": "admin.logentry",
  "pk": 165,
  "fields": {
    "action_time": "2026-05-10T08:01:56.914Z",
    "user": 1,
    "content_type": 9,
    "object_id": "2",
    "object_repr": "Алексей Рыжиков (Капитан)",
    "action_flag": 3,
    "change_message": ""
  }
},
{
  "model": "admin.logentry",
  "pk": 166,
  "fields": {
    "action_time": "2026-05-10T08:01:56.914Z",
    "user": 1,
    "content_type": 9,
    "object_id": "1",
    "object_repr": "Евгений Белов (Рейнджер)",
    "action_flag": 3,
    "change_message": ""
  }
},
{
  "model": "admin.logentry",
  "pk": 167,
  "fields": {
    "action_time": "2026-05-10T08:02:04.719Z",
    "user": 1,
    "content_type": 8,
    "object_id": "20",
    "object_repr": "Стрижка «Первая линия»",
    "action_flag": 3,
    "change_message": ""
  }
},
{
  "model": "admin.logentry",
  "pk": 168,
  "fields": {
    "action_time": "2026-05-10T08:02:04.719Z",
    "user": 1,
    "content_type": 8,
    "object_id": "19",
    "object_repr": "стрижка флагман",
    "action_flag": 3,
    "change_message": ""
  }
},
{
  "model": "admin.logentry",
  "pk": 169,
  "fields": {
    "action_time": "2026-05-10T08:14:08.729Z",
    "user": 1,
    "content_type": 9,
    "object_id": "4",
    "object_repr": "Евгений Белов (Матрос)",
    "action_flag": 1,
    "change_message": "[{\"added\": {}}]"
  }
},
{
  "model": "admin.logentry",
  "pk": 170,
  "fields": {
    "action_time": "2026-05-10T08:14:29.969Z",
    "user": 1,
    "content_type": 9,
    "object_id": "5",
    "object_repr": "Алексей Рыжиков (Шкипер)",
    "action_flag": 1,
    "change_message": "[{\"added\": {}}]"
  }
},
{
  "model": "admin.logentry",
  "pk": 171,
  "fields": {
    "action_time": "2026-05-10T08:14:43.498Z",
    "user": 1,
    "content_type": 9,
    "object_id": "6",
    "object_repr": "Игорь Синяк (Капитан)",
    "action_flag": 1,
    "change_message": "[{\"added\": {}}]"
  }
},
{
  "model": "admin.logentry",
  "pk": 172,
  "fields": {
    "action_time": "2026-05-10T08:16:02.367Z",
    "user": 1,
    "content_type": 8,
    "object_id": "21",
    "object_repr": "Стрижка «Первая линия»",
    "action_flag": 1,
    "change_message": "[{\"added\": {}}, {\"added\": {\"name\": \"\\u0412\\u0430\\u0440\\u0438\\u0430\\u043d\\u0442 \\u0443\\u0441\\u043b\\u0443\\u0433\\u0438\", \"object\": \"\\u0421\\u0442\\u0440\\u0438\\u0436\\u043a\\u0430 \\u00ab\\u041f\\u0435\\u0440\\u0432\\u0430\\u044f \\u043b\\u0438\\u043d\\u0438\\u044f\\u00bb \\u2014 \\u041c\\u0430\\u0442\\u0440\\u043e\\u0441\"}}, {\"added\": {\"name\": \"\\u0412\\u0430\\u0440\\u0438\\u0430\\u043d\\u0442 \\u0443\\u0441\\u043b\\u0443\\u0433\\u0438\", \"object\": \"\\u0421\\u0442\\u0440\\u0438\\u0436\\u043a\\u0430 \\u00ab\\u041f\\u0435\\u0440\\u0432\\u0430\\u044f \\u043b\\u0438\\u043d\\u0438\\u044f\\u00bb \\u2014 \\u0428\\u043a\\u0438\\u043f\\u0435\\u0440\"}}, {\"added\": {\"name\": \"\\u0412\\u0430\\u0440\\u0438\\u0430\\u043d\\u0442 \\u0443\\u0441\\u043b\\u0443\\u0433\\u0438\", \"object\": \"\\u0421\\u0442\\u0440\\u0438\\u0436\\u043a\\u0430 \\u00ab\\u041f\\u0435\\u0440\\u0432\\u0430\\u044f \\u043b\\u0438\\u043d\\u0438\\u044f\\u00bb \\u2014 \\u041a\\u0430\\u043f\\u0438\\u0442\\u0430\\u043d\"}}]"
  }
},
{
  "model": "admin.logentry",
  "pk": 173,
  "fields": {
    "action_time": "2026-05-10T19:02:25.667Z",
    "user": 1,
    "content_type": 13,
    "object_id": "4",
    "object_repr": "Евгений Белов | 2026-05-20 11:00:00 | Свободно",
    "action_flag": 1,
    "change_message": "[{\"added\": {}}]"
  }
},
{
  "model": "admin.logentry",
  "pk": 174,
  "fields": {
    "action_time": "2026-05-10T19:04:56.650Z",
    "user": 1,
    "content_type": 10,
    "object_id": "5",
    "object_repr": "Сергей — Евгений Белов (2026-05-20 11:00:00)",
    "action_flag": 2,
    "change_message": "[{\"changed\": {\"fields\": [\"\\u0421\\u0442\\u0430\\u0442\\u0443\\u0441\"]}}]"
  }
},
{
  "model": "admin.logentry",
  "pk": 175,
  "fields": {
    "action_time": "2026-05-10T19:05:19.726Z",
    "user": 1,
    "content_type": 10,
    "object_id": "5",
    "object_repr": "Сергей — Евгений Белов (2026-05-20 11:00:00)",
    "action_flag": 2,
    "change_message": "[{\"changed\": {\"fields\": [\"\\u0421\\u0442\\u0430\\u0442\\u0443\\u0441\"]}}]"
  }
},
{
  "model": "admin.logentry",
  "pk": 176,
  "fields": {
    "action_time": "2026-05-11T07:23:24.761Z",
    "user": 1,
    "content_type": 12,
    "object_id": "16",
    "object_repr": "Работа #16 — Базовый квадрат (1x1)",
    "action_flag": 3,
    "change_message": ""
  }
},
{
  "model": "admin.logentry",
  "pk": 177,
  "fields": {
    "action_time": "2026-05-11T07:23:24.762Z",
    "user": 1,
    "content_type": 12,
    "object_id": "17",
    "object_repr": "Работа #17 — Большой квадрат (2x2)",
    "action_flag": 3,
    "change_message": ""
  }
},
{
  "model": "admin.logentry",
  "pk": 178,
  "fields": {
    "action_time": "2026-05-11T07:23:24.762Z",
    "user": 1,
    "content_type": 12,
    "object_id": "18",
    "object_repr": "Работа #18 — Базовый квадрат (1x1)",
    "action_flag": 3,
    "change_message": ""
  }
},
{
  "model": "admin.logentry",
  "pk": 179,
  "fields": {
    "action_time": "2026-05-11T07:23:24.762Z",
    "user": 1,
    "content_type": 12,
    "object_id": "21",
    "object_repr": "Работа #21 — Вертикальный (1x2)",
    "action_flag": 3,
    "change_message": ""
  }
},
{
  "model": "admin.logentry",
  "pk": 180,
  "fields": {
    "action_time": "2026-05-11T07:23:24.762Z",
    "user": 1,
    "content_type": 12,
    "object_id": "22",
    "object_repr": "Работа #22 — Базовый квадрат (1x1)",
    "action_flag": 3,
    "change_message": ""
  }
},
{
  "model": "admin.logentry",
  "pk": 181,
  "fields": {
    "action_time": "2026-05-11T07:23:24.762Z",
    "user": 1,
    "content_type": 12,
    "object_id": "23",
    "object_repr": "Работа #23 — Вертикальный (1x2)",
    "action_flag": 3,
    "change_message": ""
  }
},
{
  "model": "admin.logentry",
  "pk": 182,
  "fields": {
    "action_time": "2026-05-11T07:23:24.762Z",
    "user": 1,
    "content_type": 12,
    "object_id": "25",
    "object_repr": "Работа #25 — Большой квадрат (2x2)",
    "action_flag": 3,
    "change_message": ""
  }
},
{
  "model": "admin.logentry",
  "pk": 183,
  "fields": {
    "action_time": "2026-05-11T07:23:24.762Z",
    "user": 1,
    "content_type": 12,
    "object_id": "24",
    "object_repr": "Работа #24 — Базовый квадрат (1x1)",
    "action_flag": 3,
    "change_message": ""
  }
},
{
  "model": "admin.logentry",
  "pk": 184,
  "fields": {
    "action_time": "2026-05-11T07:23:24.762Z",
    "user": 1,
    "content_type": 12,
    "object_id": "26",
    "object_repr": "Работа #26 — Горизонтальный (2x1)",
    "action_flag": 3,
    "change_message": ""
  }
},
{
  "model": "admin.logentry",
  "pk": 185,
  "fields": {
    "action_time": "2026-05-11T07:23:24.762Z",
    "user": 1,
    "content_type": 12,
    "object_id": "28",
    "object_repr": "Работа #28 — Базовый квадрат (1x1)",
    "action_flag": 3,
    "change_message": ""
  }
},
{
  "model": "admin.logentry",
  "pk": 186,
  "fields": {
    "action_time": "2026-05-11T07:23:24.762Z",
    "user": 1,
    "content_type": 12,
    "object_id": "27",
    "object_repr": "Работа #27 — Базовый квадрат (1x1)",
    "action_flag": 3,
    "change_message": ""
  }
},
{
  "model": "admin.logentry",
  "pk": 187,
  "fields": {
    "action_time": "2026-05-11T07:26:16.640Z",
    "user": 1,
    "content_type": 12,
    "object_id": "29",
    "object_repr": "Работа #29 — Базовый квадрат (1x1)",
    "action_flag": 1,
    "change_message": "[{\"added\": {}}]"
  }
},
{
  "model": "admin.logentry",
  "pk": 188,
  "fields": {
    "action_time": "2026-05-11T07:26:57.189Z",
    "user": 1,
    "content_type": 12,
    "object_id": "29",
    "object_repr": "Работа #29 — Базовый квадрат (1x1)",
    "action_flag": 2,
    "change_message": "[{\"changed\": {\"fields\": [\"\\u0424\\u043e\\u0442\\u043e\\u0433\\u0440\\u0430\\u0444\\u0438\\u044f\"]}}]"
  }
},
{
  "model": "admin.logentry",
  "pk": 189,
  "fields": {
    "action_time": "2026-05-11T07:27:30.841Z",
    "user": 1,
    "content_type": 12,
    "object_id": "29",
    "object_repr": "Работа #29 — Базовый квадрат (1x1)",
    "action_flag": 2,
    "change_message": "[{\"changed\": {\"fields\": [\"\\u0424\\u043e\\u0442\\u043e\\u0433\\u0440\\u0430\\u0444\\u0438\\u044f\"]}}]"
  }
},
{
  "model": "admin.logentry",
  "pk": 190,
  "fields": {
    "action_time": "2026-05-11T07:28:15.061Z",
    "user": 1,
    "content_type": 12,
    "object_id": "30",
    "object_repr": "Работа #30 — Вертикальный (1x2)",
    "action_flag": 1,
    "change_message": "[{\"added\": {}}]"
  }
},
{
  "model": "admin.logentry",
  "pk": 191,
  "fields": {
    "action_time": "2026-05-11T07:29:03.048Z",
    "user": 1,
    "content_type": 12,
    "object_id": "30",
    "object_repr": "Работа #30 — Вертикальный (1x2)",
    "action_flag": 2,
    "change_message": "[{\"changed\": {\"fields\": [\"\\u0424\\u043e\\u0442\\u043e\\u0433\\u0440\\u0430\\u0444\\u0438\\u044f\"]}}]"
  }
},
{
  "model": "admin.logentry",
  "pk": 192,
  "fields": {
    "action_time": "2026-05-11T07:29:08.568Z",
    "user": 1,
    "content_type": 12,
    "object_id": "30",
    "object_repr": "Работа #30 — Большой квадрат (2x2)",
    "action_flag": 2,
    "change_message": "[{\"changed\": {\"fields\": [\"\\u0422\\u0438\\u043f \\u0444\\u043e\\u0440\\u043c\\u0430\\u0442\\u0430\"]}}]"
  }
},
{
  "model": "admin.logentry",
  "pk": 193,
  "fields": {
    "action_time": "2026-05-11T07:29:12.443Z",
    "user": 1,
    "content_type": 12,
    "object_id": "30",
    "object_repr": "Работа #30 — Базовый квадрат (1x1)",
    "action_flag": 2,
    "change_message": "[{\"changed\": {\"fields\": [\"\\u0422\\u0438\\u043f \\u0444\\u043e\\u0440\\u043c\\u0430\\u0442\\u0430\"]}}]"
  }
},
{
  "model": "admin.logentry",
  "pk": 194,
  "fields": {
    "action_time": "2026-05-11T07:29:18.659Z",
    "user": 1,
    "content_type": 12,
    "object_id": "30",
    "object_repr": "Работа #30 — Длинный вертикальный (1x3)",
    "action_flag": 2,
    "change_message": "[{\"changed\": {\"fields\": [\"\\u0422\\u0438\\u043f \\u0444\\u043e\\u0440\\u043c\\u0430\\u0442\\u0430\"]}}]"
  }
},
{
  "model": "admin.logentry",
  "pk": 195,
  "fields": {
    "action_time": "2026-05-11T07:29:26.298Z",
    "user": 1,
    "content_type": 12,
    "object_id": "30",
    "object_repr": "Работа #30 — Длинный вертикальный (1x3)",
    "action_flag": 3,
    "change_message": ""
  }
},
{
  "model": "admin.logentry",
  "pk": 196,
  "fields": {
    "action_time": "2026-05-11T07:30:01.655Z",
    "user": 1,
    "content_type": 12,
    "object_id": "31",
    "object_repr": "Работа #31 — Длинный вертикальный (1x3)",
    "action_flag": 1,
    "change_message": "[{\"added\": {}}]"
  }
},
{
  "model": "admin.logentry",
  "pk": 197,
  "fields": {
    "action_time": "2026-05-11T07:30:45.316Z",
    "user": 1,
    "content_type": 12,
    "object_id": "31",
    "object_repr": "Работа #31 — Базовый квадрат (1x1)",
    "action_flag": 2,
    "change_message": "[{\"changed\": {\"fields\": [\"\\u0422\\u0438\\u043f \\u0444\\u043e\\u0440\\u043c\\u0430\\u0442\\u0430\"]}}]"
  }
},
{
  "model": "admin.logentry",
  "pk": 198,
  "fields": {
    "action_time": "2026-05-11T07:30:48.830Z",
    "user": 1,
    "content_type": 12,
    "object_id": "31",
    "object_repr": "Работа #31 — Вертикальный (1x2)",
    "action_flag": 2,
    "change_message": "[{\"changed\": {\"fields\": [\"\\u0422\\u0438\\u043f \\u0444\\u043e\\u0440\\u043c\\u0430\\u0442\\u0430\"]}}]"
  }
},
{
  "model": "admin.logentry",
  "pk": 199,
  "fields": {
    "action_time": "2026-05-11T07:30:53.010Z",
    "user": 1,
    "content_type": 12,
    "object_id": "31",
    "object_repr": "Работа #31 — Горизонтальный (2x1)",
    "action_flag": 2,
    "change_message": "[{\"changed\": {\"fields\": [\"\\u0422\\u0438\\u043f \\u0444\\u043e\\u0440\\u043c\\u0430\\u0442\\u0430\"]}}]"
  }
},
{
  "model": "admin.logentry",
  "pk": 200,
  "fields": {
    "action_time": "2026-05-11T07:30:56.604Z",
    "user": 1,
    "content_type": 12,
    "object_id": "31",
    "object_repr": "Работа #31 — Длинный вертикальный (1x3)",
    "action_flag": 2,
    "change_message": "[{\"changed\": {\"fields\": [\"\\u0422\\u0438\\u043f \\u0444\\u043e\\u0440\\u043c\\u0430\\u0442\\u0430\"]}}]"
  }
},
{
  "model": "admin.logentry",
  "pk": 201,
  "fields": {
    "action_time": "2026-05-11T07:31:10.730Z",
    "user": 1,
    "content_type": 12,
    "object_id": "31",
    "object_repr": "Работа #31 — Длинный вертикальный (1x3)",
    "action_flag": 2,
    "change_message": "[{\"changed\": {\"fields\": [\"\\u0424\\u043e\\u0442\\u043e\\u0433\\u0440\\u0430\\u0444\\u0438\\u044f\"]}}]"
  }
},
{
  "model": "admin.logentry",
  "pk": 202,
  "fields": {
    "action_time": "2026-05-11T07:31:23.147Z",
    "user": 1,
    "content_type": 12,
    "object_id": "31",
    "object_repr": "Работа #31 — Длинный вертикальный (1x3)",
    "action_flag": 3,
    "change_message": ""
  }
},
{
  "model": "admin.logentry",
  "pk": 203,
  "fields": {
    "action_time": "2026-05-11T07:32:08.181Z",
    "user": 1,
    "content_type": 12,
    "object_id": "32",
    "object_repr": "Работа #32 — Базовый квадрат (1x1)",
    "action_flag": 1,
    "change_message": "[{\"added\": {}}]"
  }
},
{
  "model": "admin.logentry",
  "pk": 204,
  "fields": {
    "action_time": "2026-05-11T07:32:37.249Z",
    "user": 1,
    "content_type": 12,
    "object_id": "32",
    "object_repr": "Работа #32 — Базовый квадрат (1x1)",
    "action_flag": 2,
    "change_message": "[{\"changed\": {\"fields\": [\"\\u0424\\u043e\\u0442\\u043e\\u0433\\u0440\\u0430\\u0444\\u0438\\u044f\"]}}]"
  }
},
{
  "model": "admin.logentry",
  "pk": 205,
  "fields": {
    "action_time": "2026-05-11T07:33:18.909Z",
    "user": 1,
    "content_type": 12,
    "object_id": "32",
    "object_repr": "Работа #32 — Базовый квадрат (1x1)",
    "action_flag": 2,
    "change_message": "[{\"changed\": {\"fields\": [\"\\u0424\\u043e\\u0442\\u043e\\u0433\\u0440\\u0430\\u0444\\u0438\\u044f\"]}}]"
  }
},
{
  "model": "admin.logentry",
  "pk": 206,
  "fields": {
    "action_time": "2026-05-11T07:33:25.528Z",
    "user": 1,
    "content_type": 12,
    "object_id": "32",
    "object_repr": "Работа #32 — Большой квадрат (2x2)",
    "action_flag": 2,
    "change_message": "[{\"changed\": {\"fields\": [\"\\u0422\\u0438\\u043f \\u0444\\u043e\\u0440\\u043c\\u0430\\u0442\\u0430\"]}}]"
  }
},
{
  "model": "admin.logentry",
  "pk": 207,
  "fields": {
    "action_time": "2026-05-11T07:39:03.157Z",
    "user": 1,
    "content_type": 12,
    "object_id": "32",
    "object_repr": "Работа #32 — Большой квадрат (2x2)",
    "action_flag": 3,
    "change_message": ""
  }
},
{
  "model": "admin.logentry",
  "pk": 208,
  "fields": {
    "action_time": "2026-05-11T07:39:11.700Z",
    "user": 1,
    "content_type": 12,
    "object_id": "33",
    "object_repr": "Работа #33 — Базовый квадрат (1x1)",
    "action_flag": 1,
    "change_message": "[{\"added\": {}}]"
  }
},
{
  "model": "admin.logentry",
  "pk": 209,
  "fields": {
    "action_time": "2026-05-11T07:46:44.475Z",
    "user": 1,
    "content_type": 12,
    "object_id": "29",
    "object_repr": "Работа #29 — Базовый квадрат (1x1)",
    "action_flag": 2,
    "change_message": "[{\"changed\": {\"fields\": [\"\\u0424\\u043e\\u0442\\u043e\\u0433\\u0440\\u0430\\u0444\\u0438\\u044f\"]}}]"
  }
},
{
  "model": "admin.logentry",
  "pk": 210,
  "fields": {
    "action_time": "2026-05-11T07:47:26.970Z",
    "user": 1,
    "content_type": 12,
    "object_id": "29",
    "object_repr": "Работа #29 — Базовый квадрат (1x1)",
    "action_flag": 2,
    "change_message": "[{\"changed\": {\"fields\": [\"\\u0424\\u043e\\u0442\\u043e\\u0433\\u0440\\u0430\\u0444\\u0438\\u044f\"]}}]"
  }
},
{
  "model": "admin.logentry",
  "pk": 211,
  "fields": {
    "action_time": "2026-05-11T07:47:58.036Z",
    "user": 1,
    "content_type": 12,
    "object_id": "29",
    "object_repr": "Работа #29 — Базовый квадрат (1x1)",
    "action_flag": 2,
    "change_message": "[{\"changed\": {\"fields\": [\"\\u0424\\u043e\\u0442\\u043e\\u0433\\u0440\\u0430\\u0444\\u0438\\u044f\"]}}]"
  }
},
{
  "model": "admin.logentry",
  "pk": 212,
  "fields": {
    "action_time": "2026-05-11T07:48:29.192Z",
    "user": 1,
    "content_type": 12,
    "object_id": "33",
    "object_repr": "Работа #33 — Большой квадрат (2x2)",
    "action_flag": 2,
    "change_message": "[{\"changed\": {\"fields\": [\"\\u0422\\u0438\\u043f \\u0444\\u043e\\u0440\\u043c\\u0430\\u0442\\u0430\"]}}]"
  }
},
{
  "model": "admin.logentry",
  "pk": 213,
  "fields": {
    "action_time": "2026-05-11T07:48:36.608Z",
    "user": 1,
    "content_type": 12,
    "object_id": "33",
    "object_repr": "Работа #33 — Вертикальный (1x2)",
    "action_flag": 2,
    "change_message": "[{\"changed\": {\"fields\": [\"\\u0422\\u0438\\u043f \\u0444\\u043e\\u0440\\u043c\\u0430\\u0442\\u0430\"]}}]"
  }
},
{
  "model": "admin.logentry",
  "pk": 214,
  "fields": {
    "action_time": "2026-05-11T07:49:26.844Z",
    "user": 1,
    "content_type": 12,
    "object_id": "33",
    "object_repr": "Работа #33 — Базовый квадрат (1x1)",
    "action_flag": 2,
    "change_message": "[{\"changed\": {\"fields\": [\"\\u0422\\u0438\\u043f \\u0444\\u043e\\u0440\\u043c\\u0430\\u0442\\u0430\"]}}]"
  }
},
{
  "model": "admin.logentry",
  "pk": 215,
  "fields": {
    "action_time": "2026-05-11T07:49:38.221Z",
    "user": 1,
    "content_type": 12,
    "object_id": "33",
    "object_repr": "Работа #33 — Большой квадрат (2x2)",
    "action_flag": 2,
    "change_message": "[{\"changed\": {\"fields\": [\"\\u0424\\u043e\\u0442\\u043e\\u0433\\u0440\\u0430\\u0444\\u0438\\u044f\", \"\\u0422\\u0438\\u043f \\u0444\\u043e\\u0440\\u043c\\u0430\\u0442\\u0430\"]}}]"
  }
},
{
  "model": "admin.logentry",
  "pk": 216,
  "fields": {
    "action_time": "2026-05-11T07:49:49.559Z",
    "user": 1,
    "content_type": 12,
    "object_id": "33",
    "object_repr": "Работа #33 — Базовый квадрат (1x1)",
    "action_flag": 2,
    "change_message": "[{\"changed\": {\"fields\": [\"\\u0424\\u043e\\u0442\\u043e\\u0433\\u0440\\u0430\\u0444\\u0438\\u044f\", \"\\u0422\\u0438\\u043f \\u0444\\u043e\\u0440\\u043c\\u0430\\u0442\\u0430\"]}}]"
  }
},
{
  "model": "admin.logentry",
  "pk": 217,
  "fields": {
    "action_time": "2026-05-11T07:50:21.784Z",
    "user": 1,
    "content_type": 12,
    "object_id": "33",
    "object_repr": "Работа #33 — Базовый квадрат (1x1)",
    "action_flag": 2,
    "change_message": "[{\"changed\": {\"fields\": [\"\\u0424\\u043e\\u0442\\u043e\\u0433\\u0440\\u0430\\u0444\\u0438\\u044f\"]}}]"
  }
},
{
  "model": "admin.logentry",
  "pk": 218,
  "fields": {
    "action_time": "2026-05-11T07:50:54.190Z",
    "user": 1,
    "content_type": 12,
    "object_id": "33",
    "object_repr": "Работа #33 — Базовый квадрат (1x1)",
    "action_flag": 2,
    "change_message": "[{\"changed\": {\"fields\": [\"\\u0424\\u043e\\u0442\\u043e\\u0433\\u0440\\u0430\\u0444\\u0438\\u044f\"]}}]"
  }
},
{
  "model": "admin.logentry",
  "pk": 219,
  "fields": {
    "action_time": "2026-05-11T07:51:25.284Z",
    "user": 1,
    "content_type": 12,
    "object_id": "33",
    "object_repr": "Работа #33 — Вертикальный (1x2)",
    "action_flag": 2,
    "change_message": "[{\"changed\": {\"fields\": [\"\\u0424\\u043e\\u0442\\u043e\\u0433\\u0440\\u0430\\u0444\\u0438\\u044f\", \"\\u0422\\u0438\\u043f \\u0444\\u043e\\u0440\\u043c\\u0430\\u0442\\u0430\"]}}]"
  }
},
{
  "model": "admin.logentry",
  "pk": 220,
  "fields": {
    "action_time": "2026-05-11T07:51:55.379Z",
    "user": 1,
    "content_type": 12,
    "object_id": "33",
    "object_repr": "Работа #33 — Вертикальный (1x2)",
    "action_flag": 2,
    "change_message": "[{\"changed\": {\"fields\": [\"\\u0424\\u043e\\u0442\\u043e\\u0433\\u0440\\u0430\\u0444\\u0438\\u044f\"]}}]"
  }
},
{
  "model": "admin.logentry",
  "pk": 221,
  "fields": {
    "action_time": "2026-05-11T07:53:48.989Z",
    "user": 1,
    "content_type": 12,
    "object_id": "34",
    "object_repr": "Работа #34 — Базовый квадрат (1x1)",
    "action_flag": 1,
    "change_message": "[{\"added\": {}}]"
  }
},
{
  "model": "admin.logentry",
  "pk": 222,
  "fields": {
    "action_time": "2026-05-11T07:54:08.983Z",
    "user": 1,
    "content_type": 12,
    "object_id": "34",
    "object_repr": "Работа #34 — Большой квадрат (2x2)",
    "action_flag": 2,
    "change_message": "[{\"changed\": {\"fields\": [\"\\u0422\\u0438\\u043f \\u0444\\u043e\\u0440\\u043c\\u0430\\u0442\\u0430\"]}}]"
  }
},
{
  "model": "admin.logentry",
  "pk": 223,
  "fields": {
    "action_time": "2026-05-11T07:54:14.594Z",
    "user": 1,
    "content_type": 12,
    "object_id": "34",
    "object_repr": "Работа #34 — Большой квадрат (2x2)",
    "action_flag": 2,
    "change_message": "[{\"changed\": {\"fields\": [\"\\u0424\\u043e\\u0442\\u043e\\u0433\\u0440\\u0430\\u0444\\u0438\\u044f\"]}}]"
  }
},
{
  "model": "admin.logentry",
  "pk": 224,
  "fields": {
    "action_time": "2026-05-11T07:54:33.350Z",
    "user": 1,
    "content_type": 12,
    "object_id": "34",
    "object_repr": "Работа #34 — Большой квадрат (2x2)",
    "action_flag": 2,
    "change_message": "[{\"changed\": {\"fields\": [\"\\u0424\\u043e\\u0442\\u043e\\u0433\\u0440\\u0430\\u0444\\u0438\\u044f\"]}}]"
  }
},
{
  "model": "admin.logentry",
  "pk": 225,
  "fields": {
    "action_time": "2026-05-11T07:55:06.986Z",
    "user": 1,
    "content_type": 12,
    "object_id": "34",
    "object_repr": "Работа #34 — Большой квадрат (2x2)",
    "action_flag": 2,
    "change_message": "[{\"changed\": {\"fields\": [\"\\u0424\\u043e\\u0442\\u043e\\u0433\\u0440\\u0430\\u0444\\u0438\\u044f\"]}}]"
  }
},
{
  "model": "admin.logentry",
  "pk": 226,
  "fields": {
    "action_time": "2026-05-11T07:55:22.550Z",
    "user": 1,
    "content_type": 12,
    "object_id": "34",
    "object_repr": "Работа #34 — Большой квадрат (2x2)",
    "action_flag": 2,
    "change_message": "[{\"changed\": {\"fields\": [\"\\u0424\\u043e\\u0442\\u043e\\u0433\\u0440\\u0430\\u0444\\u0438\\u044f\"]}}]"
  }
},
{
  "model": "admin.logentry",
  "pk": 227,
  "fields": {
    "action_time": "2026-05-11T07:55:28.603Z",
    "user": 1,
    "content_type": 12,
    "object_id": "34",
    "object_repr": "Работа #34 — Базовый квадрат (1x1)",
    "action_flag": 2,
    "change_message": "[{\"changed\": {\"fields\": [\"\\u0422\\u0438\\u043f \\u0444\\u043e\\u0440\\u043c\\u0430\\u0442\\u0430\"]}}]"
  }
},
{
  "model": "admin.logentry",
  "pk": 228,
  "fields": {
    "action_time": "2026-05-11T07:55:44.019Z",
    "user": 1,
    "content_type": 12,
    "object_id": "34",
    "object_repr": "Работа #34 — Базовый квадрат (1x1)",
    "action_flag": 2,
    "change_message": "[{\"changed\": {\"fields\": [\"\\u0424\\u043e\\u0442\\u043e\\u0433\\u0440\\u0430\\u0444\\u0438\\u044f\"]}}]"
  }
},
{
  "model": "admin.logentry",
  "pk": 229,
  "fields": {
    "action_time": "2026-05-11T07:56:16.450Z",
    "user": 1,
    "content_type": 12,
    "object_id": "34",
    "object_repr": "Работа #34 — Базовый квадрат (1x1)",
    "action_flag": 2,
    "change_message": "[{\"changed\": {\"fields\": [\"\\u0424\\u043e\\u0442\\u043e\\u0433\\u0440\\u0430\\u0444\\u0438\\u044f\"]}}]"
  }
},
{
  "model": "admin.logentry",
  "pk": 230,
  "fields": {
    "action_time": "2026-05-11T07:56:26.220Z",
    "user": 1,
    "content_type": 12,
    "object_id": "34",
    "object_repr": "Работа #34 — Большой квадрат (2x2)",
    "action_flag": 2,
    "change_message": "[{\"changed\": {\"fields\": [\"\\u0422\\u0438\\u043f \\u0444\\u043e\\u0440\\u043c\\u0430\\u0442\\u0430\"]}}]"
  }
},
{
  "model": "admin.logentry",
  "pk": 231,
  "fields": {
    "action_time": "2026-05-11T07:56:37.694Z",
    "user": 1,
    "content_type": 12,
    "object_id": "34",
    "object_repr": "Работа #34 — Большой квадрат (2x2)",
    "action_flag": 3,
    "change_message": ""
  }
},
{
  "model": "admin.logentry",
  "pk": 232,
  "fields": {
    "action_time": "2026-05-11T07:58:10.319Z",
    "user": 1,
    "content_type": 12,
    "object_id": "35",
    "object_repr": "Работа #35 — Базовый квадрат (1x1)",
    "action_flag": 1,
    "change_message": "[{\"added\": {}}]"
  }
},
{
  "model": "admin.logentry",
  "pk": 233,
  "fields": {
    "action_time": "2026-05-11T07:58:36.945Z",
    "user": 1,
    "content_type": 12,
    "object_id": "35",
    "object_repr": "Работа #35 — Базовый квадрат (1x1)",
    "action_flag": 2,
    "change_message": "[{\"changed\": {\"fields\": [\"\\u0424\\u043e\\u0442\\u043e\\u0433\\u0440\\u0430\\u0444\\u0438\\u044f\"]}}]"
  }
},
{
  "model": "admin.logentry",
  "pk": 234,
  "fields": {
    "action_time": "2026-05-11T07:58:42.558Z",
    "user": 1,
    "content_type": 12,
    "object_id": "35",
    "object_repr": "Работа #35 — Вертикальный (1x2)",
    "action_flag": 2,
    "change_message": "[{\"changed\": {\"fields\": [\"\\u0422\\u0438\\u043f \\u0444\\u043e\\u0440\\u043c\\u0430\\u0442\\u0430\"]}}]"
  }
},
{
  "model": "admin.logentry",
  "pk": 235,
  "fields": {
    "action_time": "2026-05-11T07:58:51.146Z",
    "user": 1,
    "content_type": 12,
    "object_id": "35",
    "object_repr": "Работа #35 — Вертикальный (1x2)",
    "action_flag": 2,
    "change_message": "[{\"changed\": {\"fields\": [\"\\u0424\\u043e\\u0442\\u043e\\u0433\\u0440\\u0430\\u0444\\u0438\\u044f\"]}}]"
  }
},
{
  "model": "admin.logentry",
  "pk": 236,
  "fields": {
    "action_time": "2026-05-11T07:59:21.005Z",
    "user": 1,
    "content_type": 12,
    "object_id": "35",
    "object_repr": "Работа #35 — Большой квадрат (2x2)",
    "action_flag": 2,
    "change_message": "[{\"changed\": {\"fields\": [\"\\u0422\\u0438\\u043f \\u0444\\u043e\\u0440\\u043c\\u0430\\u0442\\u0430\"]}}]"
  }
},
{
  "model": "admin.logentry",
  "pk": 237,
  "fields": {
    "action_time": "2026-05-11T07:59:32.670Z",
    "user": 1,
    "content_type": 12,
    "object_id": "35",
    "object_repr": "Работа #35 — Большой квадрат (2x2)",
    "action_flag": 3,
    "change_message": ""
  }
},
{
  "model": "admin.logentry",
  "pk": 238,
  "fields": {
    "action_time": "2026-05-11T08:07:22.393Z",
    "user": 1,
    "content_type": 12,
    "object_id": "29",
    "object_repr": "Работа #29 — Базовый квадрат (1x1)",
    "action_flag": 2,
    "change_message": "[{\"changed\": {\"fields\": [\"\\u0424\\u043e\\u0442\\u043e\\u0433\\u0440\\u0430\\u0444\\u0438\\u044f\"]}}]"
  }
},
{
  "model": "admin.logentry",
  "pk": 239,
  "fields": {
    "action_time": "2026-05-11T08:07:29.662Z",
    "user": 1,
    "content_type": 12,
    "object_id": "33",
    "object_repr": "Работа #33 — Высокий вертикальный (1x2)",
    "action_flag": 2,
    "change_message": "[{\"changed\": {\"fields\": [\"\\u0424\\u043e\\u0442\\u043e\\u0433\\u0440\\u0430\\u0444\\u0438\\u044f\"]}}]"
  }
},
{
  "model": "admin.logentry",
  "pk": 240,
  "fields": {
    "action_time": "2026-05-11T08:07:40.791Z",
    "user": 1,
    "content_type": 12,
    "object_id": "36",
    "object_repr": "Работа #36 — Портрет 4:5",
    "action_flag": 1,
    "change_message": "[{\"added\": {}}]"
  }
},
{
  "model": "admin.logentry",
  "pk": 241,
  "fields": {
    "action_time": "2026-05-11T08:11:27.358Z",
    "user": 1,
    "content_type": 12,
    "object_id": "33",
    "object_repr": "Работа #33 — Высокий вертикальный (1x2)",
    "action_flag": 2,
    "change_message": "[{\"changed\": {\"fields\": [\"\\u041f\\u043e\\u043a\\u0430\\u0437\\u044b\\u0432\\u0430\\u0442\\u044c \\u043d\\u0430 \\u0433\\u043b\\u0430\\u0432\\u043d\\u043e\\u0439\"]}}]"
  }
},
{
  "model": "admin.logentry",
  "pk": 242,
  "fields": {
    "action_time": "2026-05-11T08:12:39.061Z",
    "user": 1,
    "content_type": 12,
    "object_id": "37",
    "object_repr": "Работа #37 — Базовый квадрат (1x1)",
    "action_flag": 1,
    "change_message": "[{\"added\": {}}]"
  }
},
{
  "model": "admin.logentry",
  "pk": 243,
  "fields": {
    "action_time": "2026-05-11T08:13:09.783Z",
    "user": 1,
    "content_type": 12,
    "object_id": "37",
    "object_repr": "Работа #37 — Высокий вертикальный (1x2)",
    "action_flag": 2,
    "change_message": "[{\"changed\": {\"fields\": [\"\\u0422\\u0438\\u043f \\u0444\\u043e\\u0440\\u043c\\u0430\\u0442\\u0430\"]}}]"
  }
},
{
  "model": "admin.logentry",
  "pk": 244,
  "fields": {
    "action_time": "2026-05-11T08:13:24.422Z",
    "user": 1,
    "content_type": 12,
    "object_id": "37",
    "object_repr": "Работа #37 — Большой квадрат (2x2)",
    "action_flag": 2,
    "change_message": "[{\"changed\": {\"fields\": [\"\\u0424\\u043e\\u0442\\u043e\\u0433\\u0440\\u0430\\u0444\\u0438\\u044f\", \"\\u0422\\u0438\\u043f \\u0444\\u043e\\u0440\\u043c\\u0430\\u0442\\u0430\"]}}]"
  }
},
{
  "model": "admin.logentry",
  "pk": 245,
  "fields": {
    "action_time": "2026-05-11T08:13:37.223Z",
    "user": 1,
    "content_type": 12,
    "object_id": "37",
    "object_repr": "Работа #37 — Базовый квадрат (1x1)",
    "action_flag": 2,
    "change_message": "[{\"changed\": {\"fields\": [\"\\u0424\\u043e\\u0442\\u043e\\u0433\\u0440\\u0430\\u0444\\u0438\\u044f\", \"\\u0422\\u0438\\u043f \\u0444\\u043e\\u0440\\u043c\\u0430\\u0442\\u0430\"]}}]"
  }
},
{
  "model": "admin.logentry",
  "pk": 246,
  "fields": {
    "action_time": "2026-05-11T08:14:04.555Z",
    "user": 1,
    "content_type": 12,
    "object_id": "37",
    "object_repr": "Работа #37 — Базовый квадрат (1x1)",
    "action_flag": 2,
    "change_message": "[{\"changed\": {\"fields\": [\"\\u0424\\u043e\\u0442\\u043e\\u0433\\u0440\\u0430\\u0444\\u0438\\u044f\"]}}]"
  }
},
{
  "model": "admin.logentry",
  "pk": 247,
  "fields": {
    "action_time": "2026-05-11T08:14:13.353Z",
    "user": 1,
    "content_type": 12,
    "object_id": "37",
    "object_repr": "Работа #37 — Портрет 4:5",
    "action_flag": 2,
    "change_message": "[{\"changed\": {\"fields\": [\"\\u0422\\u0438\\u043f \\u0444\\u043e\\u0440\\u043c\\u0430\\u0442\\u0430\"]}}]"
  }
},
{
  "model": "admin.logentry",
  "pk": 248,
  "fields": {
    "action_time": "2026-05-11T08:14:27.452Z",
    "user": 1,
    "content_type": 12,
    "object_id": "37",
    "object_repr": "Работа #37 — Портрет 4:5",
    "action_flag": 3,
    "change_message": ""
  }
},
{
  "model": "admin.logentry",
  "pk": 249,
  "fields": {
    "action_time": "2026-05-11T08:17:17.701Z",
    "user": 1,
    "content_type": 12,
    "object_id": "38",
    "object_repr": "Работа #38 — Базовый квадрат (1x1)",
    "action_flag": 1,
    "change_message": "[{\"added\": {}}]"
  }
},
{
  "model": "admin.logentry",
  "pk": 250,
  "fields": {
    "action_time": "2026-05-11T08:17:29.689Z",
    "user": 1,
    "content_type": 12,
    "object_id": "38",
    "object_repr": "Работа #38 — Портрет 4:5",
    "action_flag": 2,
    "change_message": "[{\"changed\": {\"fields\": [\"\\u0424\\u043e\\u0442\\u043e\\u0433\\u0440\\u0430\\u0444\\u0438\\u044f\", \"\\u0422\\u0438\\u043f \\u0444\\u043e\\u0440\\u043c\\u0430\\u0442\\u0430\"]}}]"
  }
},
{
  "model": "admin.logentry",
  "pk": 251,
  "fields": {
    "action_time": "2026-05-11T08:18:09.927Z",
    "user": 1,
    "content_type": 12,
    "object_id": "39",
    "object_repr": "Работа #39 — Базовый квадрат (1x1)",
    "action_flag": 1,
    "change_message": "[{\"added\": {}}]"
  }
},
{
  "model": "admin.logentry",
  "pk": 252,
  "fields": {
    "action_time": "2026-05-11T08:18:41.459Z",
    "user": 1,
    "content_type": 12,
    "object_id": "39",
    "object_repr": "Работа #39 — Базовый квадрат (1x1)",
    "action_flag": 2,
    "change_message": "[{\"changed\": {\"fields\": [\"\\u0424\\u043e\\u0442\\u043e\\u0433\\u0440\\u0430\\u0444\\u0438\\u044f\"]}}]"
  }
},
{
  "model": "admin.logentry",
  "pk": 253,
  "fields": {
    "action_time": "2026-05-11T08:19:26.671Z",
    "user": 1,
    "content_type": 12,
    "object_id": "39",
    "object_repr": "Работа #39 — Базовый квадрат (1x1)",
    "action_flag": 2,
    "change_message": "[{\"changed\": {\"fields\": [\"\\u0424\\u043e\\u0442\\u043e\\u0433\\u0440\\u0430\\u0444\\u0438\\u044f\"]}}]"
  }
},
{
  "model": "admin.logentry",
  "pk": 254,
  "fields": {
    "action_time": "2026-05-11T08:19:58.768Z",
    "user": 1,
    "content_type": 12,
    "object_id": "39",
    "object_repr": "Работа #39 — Высокий вертикальный (1x2)",
    "action_flag": 2,
    "change_message": "[{\"changed\": {\"fields\": [\"\\u0422\\u0438\\u043f \\u0444\\u043e\\u0440\\u043c\\u0430\\u0442\\u0430\"]}}]"
  }
},
{
  "model": "admin.logentry",
  "pk": 255,
  "fields": {
    "action_time": "2026-05-11T08:20:15.575Z",
    "user": 1,
    "content_type": 12,
    "object_id": "39",
    "object_repr": "Работа #39 — Большой квадрат (2x2)",
    "action_flag": 2,
    "change_message": "[{\"changed\": {\"fields\": [\"\\u0424\\u043e\\u0442\\u043e\\u0433\\u0440\\u0430\\u0444\\u0438\\u044f\", \"\\u0422\\u0438\\u043f \\u0444\\u043e\\u0440\\u043c\\u0430\\u0442\\u0430\"]}}]"
  }
},
{
  "model": "admin.logentry",
  "pk": 256,
  "fields": {
    "action_time": "2026-05-11T08:20:35.046Z",
    "user": 1,
    "content_type": 12,
    "object_id": "39",
    "object_repr": "Работа #39 — Портрет 4:5",
    "action_flag": 2,
    "change_message": "[{\"changed\": {\"fields\": [\"\\u0422\\u0438\\u043f \\u0444\\u043e\\u0440\\u043c\\u0430\\u0442\\u0430\"]}}]"
  }
},
{
  "model": "admin.logentry",
  "pk": 257,
  "fields": {
    "action_time": "2026-05-11T08:20:55.884Z",
    "user": 1,
    "content_type": 12,
    "object_id": "39",
    "object_repr": "Работа #39 — Портрет 4:5",
    "action_flag": 2,
    "change_message": "[{\"changed\": {\"fields\": [\"\\u0424\\u043e\\u0442\\u043e\\u0433\\u0440\\u0430\\u0444\\u0438\\u044f\"]}}]"
  }
},
{
  "model": "admin.logentry",
  "pk": 258,
  "fields": {
    "action_time": "2026-05-11T08:24:25.881Z",
    "user": 1,
    "content_type": 12,
    "object_id": "40",
    "object_repr": "Работа #40 — Базовый квадрат (1x1)",
    "action_flag": 1,
    "change_message": "[{\"added\": {}}]"
  }
},
{
  "model": "admin.logentry",
  "pk": 259,
  "fields": {
    "action_time": "2026-05-11T08:28:14.215Z",
    "user": 1,
    "content_type": 12,
    "object_id": "41",
    "object_repr": "Работа #41 — Базовый квадрат (1x1)",
    "action_flag": 1,
    "change_message": "[{\"added\": {}}]"
  }
},
{
  "model": "admin.logentry",
  "pk": 260,
  "fields": {
    "action_time": "2026-05-11T08:28:52.047Z",
    "user": 1,
    "content_type": 12,
    "object_id": "41",
    "object_repr": "Работа #41 — Большой квадрат (2x2)",
    "action_flag": 2,
    "change_message": "[{\"changed\": {\"fields\": [\"\\u0424\\u043e\\u0442\\u043e\\u0433\\u0440\\u0430\\u0444\\u0438\\u044f\", \"\\u0422\\u0438\\u043f \\u0444\\u043e\\u0440\\u043c\\u0430\\u0442\\u0430\"]}}]"
  }
},
{
  "model": "admin.logentry",
  "pk": 261,
  "fields": {
    "action_time": "2026-05-11T08:29:06.789Z",
    "user": 1,
    "content_type": 12,
    "object_id": "41",
    "object_repr": "Работа #41 — Большой квадрат (2x2)",
    "action_flag": 3,
    "change_message": ""
  }
},
{
  "model": "admin.logentry",
  "pk": 262,
  "fields": {
    "action_time": "2026-05-11T08:31:05.917Z",
    "user": 1,
    "content_type": 12,
    "object_id": "42",
    "object_repr": "Работа #42 — Базовый квадрат (1x1)",
    "action_flag": 1,
    "change_message": "[{\"added\": {}}]"
  }
},
{
  "model": "admin.logentry",
  "pk": 263,
  "fields": {
    "action_time": "2026-05-11T08:31:31.720Z",
    "user": 1,
    "content_type": 12,
    "object_id": "42",
    "object_repr": "Работа #42 — Базовый квадрат (1x1)",
    "action_flag": 2,
    "change_message": "[{\"changed\": {\"fields\": [\"\\u0424\\u043e\\u0442\\u043e\\u0433\\u0440\\u0430\\u0444\\u0438\\u044f\"]}}]"
  }
},
{
  "model": "admin.logentry",
  "pk": 264,
  "fields": {
    "action_time": "2026-05-11T08:31:50.041Z",
    "user": 1,
    "content_type": 12,
    "object_id": "42",
    "object_repr": "Работа #42 — Большой квадрат (2x2)",
    "action_flag": 2,
    "change_message": "[{\"changed\": {\"fields\": [\"\\u0422\\u0438\\u043f \\u0444\\u043e\\u0440\\u043c\\u0430\\u0442\\u0430\"]}}]"
  }
},
{
  "model": "admin.logentry",
  "pk": 265,
  "fields": {
    "action_time": "2026-05-11T08:32:12.833Z",
    "user": 1,
    "content_type": 12,
    "object_id": "42",
    "object_repr": "Работа #42 — Базовый квадрат (1x1)",
    "action_flag": 2,
    "change_message": "[{\"changed\": {\"fields\": [\"\\u0422\\u0438\\u043f \\u0444\\u043e\\u0440\\u043c\\u0430\\u0442\\u0430\"]}}]"
  }
},
{
  "model": "admin.logentry",
  "pk": 266,
  "fields": {
    "action_time": "2026-05-11T08:36:15.680Z",
    "user": 1,
    "content_type": 12,
    "object_id": "43",
    "object_repr": "Работа #43 — Базовый квадрат (1x1)",
    "action_flag": 1,
    "change_message": "[{\"added\": {}}]"
  }
},
{
  "model": "admin.logentry",
  "pk": 267,
  "fields": {
    "action_time": "2026-05-11T08:36:27.628Z",
    "user": 1,
    "content_type": 12,
    "object_id": "43",
    "object_repr": "Работа #43 — Портрет 4:5",
    "action_flag": 2,
    "change_message": "[{\"changed\": {\"fields\": [\"\\u0422\\u0438\\u043f \\u0444\\u043e\\u0440\\u043c\\u0430\\u0442\\u0430\"]}}]"
  }
},
{
  "model": "admin.logentry",
  "pk": 268,
  "fields": {
    "action_time": "2026-05-11T08:37:08.605Z",
    "user": 1,
    "content_type": 12,
    "object_id": "43",
    "object_repr": "Работа #43 — Портрет 4:5",
    "action_flag": 3,
    "change_message": ""
  }
},
{
  "model": "admin.logentry",
  "pk": 269,
  "fields": {
    "action_time": "2026-05-11T08:40:35.221Z",
    "user": 1,
    "content_type": 12,
    "object_id": "44",
    "object_repr": "Работа #44 — Горизонтальный (2x1)",
    "action_flag": 1,
    "change_message": "[{\"added\": {}}]"
  }
},
{
  "model": "admin.logentry",
  "pk": 270,
  "fields": {
    "action_time": "2026-05-11T08:43:05.273Z",
    "user": 1,
    "content_type": 12,
    "object_id": "44",
    "object_repr": "Работа #44 — Горизонтальный (2x1)",
    "action_flag": 2,
    "change_message": "[{\"changed\": {\"fields\": [\"\\u0424\\u043e\\u0442\\u043e\\u0433\\u0440\\u0430\\u0444\\u0438\\u044f\"]}}]"
  }
},
{
  "model": "admin.logentry",
  "pk": 271,
  "fields": {
    "action_time": "2026-05-11T08:51:04.821Z",
    "user": 1,
    "content_type": 12,
    "object_id": "44",
    "object_repr": "Работа #44 — Горизонтальный (2x1)",
    "action_flag": 2,
    "change_message": "[{\"changed\": {\"fields\": [\"\\u0424\\u043e\\u0442\\u043e\\u0433\\u0440\\u0430\\u0444\\u0438\\u044f\"]}}]"
  }
},
{
  "model": "admin.logentry",
  "pk": 272,
  "fields": {
    "action_time": "2026-05-11T08:53:18.077Z",
    "user": 1,
    "content_type": 12,
    "object_id": "45",
    "object_repr": "Работа #45 — Базовый квадрат (1x1)",
    "action_flag": 1,
    "change_message": "[{\"added\": {}}]"
  }
},
{
  "model": "admin.logentry",
  "pk": 273,
  "fields": {
    "action_time": "2026-05-11T08:53:26.724Z",
    "user": 1,
    "content_type": 12,
    "object_id": "45",
    "object_repr": "Работа #45 — Портрет 4:5",
    "action_flag": 2,
    "change_message": "[{\"changed\": {\"fields\": [\"\\u0422\\u0438\\u043f \\u0444\\u043e\\u0440\\u043c\\u0430\\u0442\\u0430\"]}}]"
  }
},
{
  "model": "admin.logentry",
  "pk": 274,
  "fields": {
    "action_time": "2026-05-11T08:54:03.422Z",
    "user": 1,
    "content_type": 12,
    "object_id": "45",
    "object_repr": "Работа #45 — Большой квадрат (2x2)",
    "action_flag": 2,
    "change_message": "[{\"changed\": {\"fields\": [\"\\u0424\\u043e\\u0442\\u043e\\u0433\\u0440\\u0430\\u0444\\u0438\\u044f\", \"\\u0422\\u0438\\u043f \\u0444\\u043e\\u0440\\u043c\\u0430\\u0442\\u0430\"]}}]"
  }
},
{
  "model": "admin.logentry",
  "pk": 275,
  "fields": {
    "action_time": "2026-05-11T08:54:32.344Z",
    "user": 1,
    "content_type": 12,
    "object_id": "45",
    "object_repr": "Работа #45 — Большой квадрат (2x2)",
    "action_flag": 3,
    "change_message": ""
  }
},
{
  "model": "admin.logentry",
  "pk": 276,
  "fields": {
    "action_time": "2026-05-11T08:55:43.008Z",
    "user": 1,
    "content_type": 12,
    "object_id": "46",
    "object_repr": "Работа #46 — Базовый квадрат (1x1)",
    "action_flag": 1,
    "change_message": "[{\"added\": {}}]"
  }
},
{
  "model": "admin.logentry",
  "pk": 277,
  "fields": {
    "action_time": "2026-05-11T08:55:59.019Z",
    "user": 1,
    "content_type": 12,
    "object_id": "46",
    "object_repr": "Работа #46 — Портрет 4:5",
    "action_flag": 2,
    "change_message": "[{\"changed\": {\"fields\": [\"\\u0422\\u0438\\u043f \\u0444\\u043e\\u0440\\u043c\\u0430\\u0442\\u0430\"]}}]"
  }
},
{
  "model": "admin.logentry",
  "pk": 278,
  "fields": {
    "action_time": "2026-05-11T08:57:08.985Z",
    "user": 1,
    "content_type": 12,
    "object_id": "46",
    "object_repr": "Работа #46 — Портрет 4:5",
    "action_flag": 2,
    "change_message": "[{\"changed\": {\"fields\": [\"\\u0424\\u043e\\u0442\\u043e\\u0433\\u0440\\u0430\\u0444\\u0438\\u044f\"]}}]"
  }
},
{
  "model": "admin.logentry",
  "pk": 279,
  "fields": {
    "action_time": "2026-05-11T08:57:37.941Z",
    "user": 1,
    "content_type": 12,
    "object_id": "46",
    "object_repr": "Работа #46 — Портрет 4:5",
    "action_flag": 2,
    "change_message": "[{\"changed\": {\"fields\": [\"\\u0424\\u043e\\u0442\\u043e\\u0433\\u0440\\u0430\\u0444\\u0438\\u044f\"]}}]"
  }
},
{
  "model": "admin.logentry",
  "pk": 280,
  "fields": {
    "action_time": "2026-05-11T08:59:24.979Z",
    "user": 1,
    "content_type": 12,
    "object_id": "47",
    "object_repr": "Работа #47 — Высокий вертикальный (1x2)",
    "action_flag": 1,
    "change_message": "[{\"added\": {}}]"
  }
},
{
  "model": "admin.logentry",
  "pk": 281,
  "fields": {
    "action_time": "2026-05-11T09:02:59.427Z",
    "user": 1,
    "content_type": 12,
    "object_id": "48",
    "object_repr": "Работа #48 — Базовый квадрат (1x1)",
    "action_flag": 1,
    "change_message": "[{\"added\": {}}]"
  }
},
{
  "model": "admin.logentry",
  "pk": 282,
  "fields": {
    "action_time": "2026-05-11T09:03:09.901Z",
    "user": 1,
    "content_type": 12,
    "object_id": "48",
    "object_repr": "Работа #48 — Портрет 4:5",
    "action_flag": 2,
    "change_message": "[{\"changed\": {\"fields\": [\"\\u0422\\u0438\\u043f \\u0444\\u043e\\u0440\\u043c\\u0430\\u0442\\u0430\"]}}]"
  }
},
{
  "model": "admin.logentry",
  "pk": 283,
  "fields": {
    "action_time": "2026-05-11T09:03:31.223Z",
    "user": 1,
    "content_type": 12,
    "object_id": "48",
    "object_repr": "Работа #48 — Базовый квадрат (1x1)",
    "action_flag": 2,
    "change_message": "[{\"changed\": {\"fields\": [\"\\u0422\\u0438\\u043f \\u0444\\u043e\\u0440\\u043c\\u0430\\u0442\\u0430\"]}}]"
  }
},
{
  "model": "admin.logentry",
  "pk": 284,
  "fields": {
    "action_time": "2026-05-11T09:03:39.556Z",
    "user": 1,
    "content_type": 12,
    "object_id": "48",
    "object_repr": "Работа #48 — Базовый квадрат (1x1)",
    "action_flag": 2,
    "change_message": "[{\"changed\": {\"fields\": [\"\\u0424\\u043e\\u0442\\u043e\\u0433\\u0440\\u0430\\u0444\\u0438\\u044f\"]}}]"
  }
},
{
  "model": "admin.logentry",
  "pk": 285,
  "fields": {
    "action_time": "2026-05-11T09:03:51.841Z",
    "user": 1,
    "content_type": 12,
    "object_id": "48",
    "object_repr": "Работа #48 — Базовый квадрат (1x1)",
    "action_flag": 3,
    "change_message": ""
  }
},
{
  "model": "admin.logentry",
  "pk": 286,
  "fields": {
    "action_time": "2026-05-11T09:04:13.544Z",
    "user": 1,
    "content_type": 12,
    "object_id": "49",
    "object_repr": "Работа #49 — Портрет 4:5",
    "action_flag": 1,
    "change_message": "[{\"added\": {}}]"
  }
},
{
  "model": "admin.logentry",
  "pk": 287,
  "fields": {
    "action_time": "2026-05-11T09:05:33.113Z",
    "user": 1,
    "content_type": 12,
    "object_id": "49",
    "object_repr": "Работа #49 — Портрет 4:5",
    "action_flag": 2,
    "change_message": "[{\"changed\": {\"fields\": [\"\\u0424\\u043e\\u0442\\u043e\\u0433\\u0440\\u0430\\u0444\\u0438\\u044f\"]}}]"
  }
},
{
  "model": "admin.logentry",
  "pk": 288,
  "fields": {
    "action_time": "2026-05-11T09:05:52.334Z",
    "user": 1,
    "content_type": 12,
    "object_id": "49",
    "object_repr": "Работа #49 — Портрет 4:5",
    "action_flag": 2,
    "change_message": "[{\"changed\": {\"fields\": [\"\\u0424\\u043e\\u0442\\u043e\\u0433\\u0440\\u0430\\u0444\\u0438\\u044f\"]}}]"
  }
},
{
  "model": "admin.logentry",
  "pk": 289,
  "fields": {
    "action_time": "2026-05-11T09:06:09.921Z",
    "user": 1,
    "content_type": 12,
    "object_id": "49",
    "object_repr": "Работа #49 — Портрет 4:5",
    "action_flag": 2,
    "change_message": "[{\"changed\": {\"fields\": [\"\\u0424\\u043e\\u0442\\u043e\\u0433\\u0440\\u0430\\u0444\\u0438\\u044f\"]}}]"
  }
},
{
  "model": "admin.logentry",
  "pk": 290,
  "fields": {
    "action_time": "2026-05-11T09:14:11.612Z",
    "user": 1,
    "content_type": 12,
    "object_id": "50",
    "object_repr": "Работа #50 — Базовый квадрат (1x1)",
    "action_flag": 1,
    "change_message": "[{\"added\": {}}]"
  }
},
{
  "model": "admin.logentry",
  "pk": 291,
  "fields": {
    "action_time": "2026-05-11T09:16:31.594Z",
    "user": 1,
    "content_type": 12,
    "object_id": "51",
    "object_repr": "Работа #51 — Базовый квадрат (1x1)",
    "action_flag": 1,
    "change_message": "[{\"added\": {}}]"
  }
},
{
  "model": "admin.logentry",
  "pk": 292,
  "fields": {
    "action_time": "2026-05-11T09:16:48.213Z",
    "user": 1,
    "content_type": 12,
    "object_id": "51",
    "object_repr": "Работа #51 — Портрет 4:5",
    "action_flag": 2,
    "change_message": "[{\"changed\": {\"fields\": [\"\\u0424\\u043e\\u0442\\u043e\\u0433\\u0440\\u0430\\u0444\\u0438\\u044f\", \"\\u0422\\u0438\\u043f \\u0444\\u043e\\u0440\\u043c\\u0430\\u0442\\u0430\"]}}]"
  }
},
{
  "model": "admin.logentry",
  "pk": 293,
  "fields": {
    "action_time": "2026-05-11T09:17:26.544Z",
    "user": 1,
    "content_type": 12,
    "object_id": "47",
    "object_repr": "Работа #47 — Высокий вертикальный (1x2)",
    "action_flag": 3,
    "change_message": ""
  }
},
{
  "model": "admin.logentry",
  "pk": 294,
  "fields": {
    "action_time": "2026-05-11T09:17:33.312Z",
    "user": 1,
    "content_type": 12,
    "object_id": "49",
    "object_repr": "Работа #49 — Портрет 4:5",
    "action_flag": 2,
    "change_message": "[{\"changed\": {\"fields\": [\"\\u041f\\u043e\\u0440\\u044f\\u0434\\u043e\\u043a \\u0441\\u043e\\u0440\\u0442\\u0438\\u0440\\u043e\\u0432\\u043a\\u0438\"]}}]"
  }
},
{
  "model": "admin.logentry",
  "pk": 295,
  "fields": {
    "action_time": "2026-05-11T09:17:33.316Z",
    "user": 1,
    "content_type": 12,
    "object_id": "50",
    "object_repr": "Работа #50 — Базовый квадрат (1x1)",
    "action_flag": 2,
    "change_message": "[{\"changed\": {\"fields\": [\"\\u041f\\u043e\\u0440\\u044f\\u0434\\u043e\\u043a \\u0441\\u043e\\u0440\\u0442\\u0438\\u0440\\u043e\\u0432\\u043a\\u0438\"]}}]"
  }
},
{
  "model": "admin.logentry",
  "pk": 296,
  "fields": {
    "action_time": "2026-05-11T09:17:33.319Z",
    "user": 1,
    "content_type": 12,
    "object_id": "51",
    "object_repr": "Работа #51 — Портрет 4:5",
    "action_flag": 2,
    "change_message": "[{\"changed\": {\"fields\": [\"\\u041f\\u043e\\u0440\\u044f\\u0434\\u043e\\u043a \\u0441\\u043e\\u0440\\u0442\\u0438\\u0440\\u043e\\u0432\\u043a\\u0438\"]}}]"
  }
},
{
  "model": "admin.logentry",
  "pk": 297,
  "fields": {
    "action_time": "2026-05-11T09:17:45.332Z",
    "user": 1,
    "content_type": 12,
    "object_id": "51",
    "object_repr": "Работа #51 — Базовый квадрат (1x1)",
    "action_flag": 2,
    "change_message": "[{\"changed\": {\"fields\": [\"\\u0424\\u043e\\u0442\\u043e\\u0433\\u0440\\u0430\\u0444\\u0438\\u044f\", \"\\u0422\\u0438\\u043f \\u0444\\u043e\\u0440\\u043c\\u0430\\u0442\\u0430\"]}}]"
  }
},
{
  "model": "admin.logentry",
  "pk": 298,
  "fields": {
    "action_time": "2026-05-11T09:18:04.047Z",
    "user": 1,
    "content_type": 12,
    "object_id": "51",
    "object_repr": "Работа #51 — Портрет 4:5",
    "action_flag": 2,
    "change_message": "[{\"changed\": {\"fields\": [\"\\u0422\\u0438\\u043f \\u0444\\u043e\\u0440\\u043c\\u0430\\u0442\\u0430\"]}}]"
  }
},
{
  "model": "admin.logentry",
  "pk": 299,
  "fields": {
    "action_time": "2026-05-11T09:18:51.490Z",
    "user": 1,
    "content_type": 12,
    "object_id": "51",
    "object_repr": "Работа #51 — Портрет 4:5",
    "action_flag": 2,
    "change_message": "[{\"changed\": {\"fields\": [\"\\u0424\\u043e\\u0442\\u043e\\u0433\\u0440\\u0430\\u0444\\u0438\\u044f\"]}}]"
  }
},
{
  "model": "admin.logentry",
  "pk": 300,
  "fields": {
    "action_time": "2026-05-11T09:19:35.246Z",
    "user": 1,
    "content_type": 12,
    "object_id": "51",
    "object_repr": "Работа #51 — Портрет 4:5",
    "action_flag": 2,
    "change_message": "[{\"changed\": {\"fields\": [\"\\u0424\\u043e\\u0442\\u043e\\u0433\\u0440\\u0430\\u0444\\u0438\\u044f\"]}}]"
  }
},
{
  "model": "admin.logentry",
  "pk": 301,
  "fields": {
    "action_time": "2026-05-11T09:20:05.338Z",
    "user": 1,
    "content_type": 12,
    "object_id": "49",
    "object_repr": "Работа #49 — Портрет 4:5",
    "action_flag": 2,
    "change_message": "[{\"changed\": {\"fields\": [\"\\u041f\\u043e\\u0440\\u044f\\u0434\\u043e\\u043a \\u0441\\u043e\\u0440\\u0442\\u0438\\u0440\\u043e\\u0432\\u043a\\u0438\"]}}]"
  }
},
{
  "model": "admin.logentry",
  "pk": 302,
  "fields": {
    "action_time": "2026-05-11T09:20:05.340Z",
    "user": 1,
    "content_type": 12,
    "object_id": "50",
    "object_repr": "Работа #50 — Базовый квадрат (1x1)",
    "action_flag": 2,
    "change_message": "[{\"changed\": {\"fields\": [\"\\u041f\\u043e\\u0440\\u044f\\u0434\\u043e\\u043a \\u0441\\u043e\\u0440\\u0442\\u0438\\u0440\\u043e\\u0432\\u043a\\u0438\"]}}]"
  }
},
{
  "model": "admin.logentry",
  "pk": 303,
  "fields": {
    "action_time": "2026-05-11T09:21:29.067Z",
    "user": 1,
    "content_type": 12,
    "object_id": "52",
    "object_repr": "Работа #52 — Базовый квадрат (1x1)",
    "action_flag": 1,
    "change_message": "[{\"added\": {}}]"
  }
},
{
  "model": "admin.logentry",
  "pk": 304,
  "fields": {
    "action_time": "2026-05-11T09:22:20.654Z",
    "user": 1,
    "content_type": 12,
    "object_id": "52",
    "object_repr": "Работа #52 — Базовый квадрат (1x1)",
    "action_flag": 2,
    "change_message": "[{\"changed\": {\"fields\": [\"\\u0424\\u043e\\u0442\\u043e\\u0433\\u0440\\u0430\\u0444\\u0438\\u044f\"]}}]"
  }
},
{
  "model": "admin.logentry",
  "pk": 305,
  "fields": {
    "action_time": "2026-05-11T09:22:41.524Z",
    "user": 1,
    "content_type": 12,
    "object_id": "46",
    "object_repr": "Работа #46 — Портрет 4:5",
    "action_flag": 2,
    "change_message": "[{\"changed\": {\"fields\": [\"\\u041f\\u043e\\u0440\\u044f\\u0434\\u043e\\u043a \\u0441\\u043e\\u0440\\u0442\\u0438\\u0440\\u043e\\u0432\\u043a\\u0438\"]}}]"
  }
},
{
  "model": "admin.logentry",
  "pk": 306,
  "fields": {
    "action_time": "2026-05-11T09:22:41.527Z",
    "user": 1,
    "content_type": 12,
    "object_id": "50",
    "object_repr": "Работа #50 — Базовый квадрат (1x1)",
    "action_flag": 2,
    "change_message": "[{\"changed\": {\"fields\": [\"\\u041f\\u043e\\u0440\\u044f\\u0434\\u043e\\u043a \\u0441\\u043e\\u0440\\u0442\\u0438\\u0440\\u043e\\u0432\\u043a\\u0438\"]}}]"
  }
},
{
  "model": "admin.logentry",
  "pk": 307,
  "fields": {
    "action_time": "2026-05-11T09:22:41.528Z",
    "user": 1,
    "content_type": 12,
    "object_id": "49",
    "object_repr": "Работа #49 — Портрет 4:5",
    "action_flag": 2,
    "change_message": "[{\"changed\": {\"fields\": [\"\\u041f\\u043e\\u0440\\u044f\\u0434\\u043e\\u043a \\u0441\\u043e\\u0440\\u0442\\u0438\\u0440\\u043e\\u0432\\u043a\\u0438\"]}}]"
  }
},
{
  "model": "admin.logentry",
  "pk": 308,
  "fields": {
    "action_time": "2026-05-11T09:22:50.259Z",
    "user": 1,
    "content_type": 12,
    "object_id": "52",
    "object_repr": "Работа #52 — Базовый квадрат (1x1)",
    "action_flag": 2,
    "change_message": "[{\"changed\": {\"fields\": [\"\\u041f\\u043e\\u0440\\u044f\\u0434\\u043e\\u043a \\u0441\\u043e\\u0440\\u0442\\u0438\\u0440\\u043e\\u0432\\u043a\\u0438\"]}}]"
  }
},
{
  "model": "admin.logentry",
  "pk": 309,
  "fields": {
    "action_time": "2026-05-11T09:23:09.993Z",
    "user": 1,
    "content_type": 12,
    "object_id": "40",
    "object_repr": "Работа #40 — Базовый квадрат (1x1)",
    "action_flag": 2,
    "change_message": "[{\"changed\": {\"fields\": [\"\\u041f\\u043e\\u0440\\u044f\\u0434\\u043e\\u043a \\u0441\\u043e\\u0440\\u0442\\u0438\\u0440\\u043e\\u0432\\u043a\\u0438\"]}}]"
  }
},
{
  "model": "admin.logentry",
  "pk": 310,
  "fields": {
    "action_time": "2026-05-11T09:23:09.996Z",
    "user": 1,
    "content_type": 12,
    "object_id": "42",
    "object_repr": "Работа #42 — Базовый квадрат (1x1)",
    "action_flag": 2,
    "change_message": "[{\"changed\": {\"fields\": [\"\\u041f\\u043e\\u0440\\u044f\\u0434\\u043e\\u043a \\u0441\\u043e\\u0440\\u0442\\u0438\\u0440\\u043e\\u0432\\u043a\\u0438\"]}}]"
  }
},
{
  "model": "admin.logentry",
  "pk": 311,
  "fields": {
    "action_time": "2026-05-11T09:23:09.997Z",
    "user": 1,
    "content_type": 12,
    "object_id": "44",
    "object_repr": "Работа #44 — Горизонтальный (2x1)",
    "action_flag": 2,
    "change_message": "[{\"changed\": {\"fields\": [\"\\u041f\\u043e\\u0440\\u044f\\u0434\\u043e\\u043a \\u0441\\u043e\\u0440\\u0442\\u0438\\u0440\\u043e\\u0432\\u043a\\u0438\"]}}]"
  }
},
{
  "model": "admin.logentry",
  "pk": 312,
  "fields": {
    "action_time": "2026-05-11T09:28:26.363Z",
    "user": 1,
    "content_type": 12,
    "object_id": "53",
    "object_repr": "Работа #53 — Базовый квадрат (1x1)",
    "action_flag": 1,
    "change_message": "[{\"added\": {}}]"
  }
},
{
  "model": "admin.logentry",
  "pk": 313,
  "fields": {
    "action_time": "2026-05-11T09:28:49.678Z",
    "user": 1,
    "content_type": 12,
    "object_id": "53",
    "object_repr": "Работа #53 — Базовый квадрат (1x1)",
    "action_flag": 2,
    "change_message": "[{\"changed\": {\"fields\": [\"\\u0424\\u043e\\u0442\\u043e\\u0433\\u0440\\u0430\\u0444\\u0438\\u044f\"]}}]"
  }
},
{
  "model": "admin.logentry",
  "pk": 314,
  "fields": {
    "action_time": "2026-05-11T09:29:18.822Z",
    "user": 1,
    "content_type": 12,
    "object_id": "53",
    "object_repr": "Работа #53 — Базовый квадрат (1x1)",
    "action_flag": 2,
    "change_message": "[{\"changed\": {\"fields\": [\"\\u0424\\u043e\\u0442\\u043e\\u0433\\u0440\\u0430\\u0444\\u0438\\u044f\"]}}]"
  }
},
{
  "model": "admin.logentry",
  "pk": 315,
  "fields": {
    "action_time": "2026-05-11T09:29:46.471Z",
    "user": 1,
    "content_type": 12,
    "object_id": "53",
    "object_repr": "Работа #53 — Базовый квадрат (1x1)",
    "action_flag": 2,
    "change_message": "[{\"changed\": {\"fields\": [\"\\u0424\\u043e\\u0442\\u043e\\u0433\\u0440\\u0430\\u0444\\u0438\\u044f\"]}}]"
  }
},
{
  "model": "admin.logentry",
  "pk": 316,
  "fields": {
    "action_time": "2026-05-11T09:34:21.577Z",
    "user": 1,
    "content_type": 12,
    "object_id": "53",
    "object_repr": "Работа #53 — Базовый квадрат (1x1)",
    "action_flag": 2,
    "change_message": "[{\"changed\": {\"fields\": [\"\\u0424\\u043e\\u0442\\u043e\\u0433\\u0440\\u0430\\u0444\\u0438\\u044f\"]}}]"
  }
},
{
  "model": "admin.logentry",
  "pk": 317,
  "fields": {
    "action_time": "2026-05-11T09:34:40.583Z",
    "user": 1,
    "content_type": 12,
    "object_id": "53",
    "object_repr": "Работа #53 — Базовый квадрат (1x1)",
    "action_flag": 2,
    "change_message": "[{\"changed\": {\"fields\": [\"\\u0424\\u043e\\u0442\\u043e\\u0433\\u0440\\u0430\\u0444\\u0438\\u044f\"]}}]"
  }
},
{
  "model": "admin.logentry",
  "pk": 318,
  "fields": {
    "action_time": "2026-05-11T09:35:27.793Z",
    "user": 1,
    "content_type": 12,
    "object_id": "53",
    "object_repr": "Работа #53 — Базовый квадрат (1x1)",
    "action_flag": 2,
    "change_message": "[{\"changed\": {\"fields\": [\"\\u0424\\u043e\\u0442\\u043e\\u0433\\u0440\\u0430\\u0444\\u0438\\u044f\"]}}]"
  }
},
{
  "model": "admin.logentry",
  "pk": 319,
  "fields": {
    "action_time": "2026-05-11T09:37:05.929Z",
    "user": 1,
    "content_type": 12,
    "object_id": "53",
    "object_repr": "Работа #53 — Базовый квадрат (1x1)",
    "action_flag": 2,
    "change_message": "[{\"changed\": {\"fields\": [\"\\u0424\\u043e\\u0442\\u043e\\u0433\\u0440\\u0430\\u0444\\u0438\\u044f\"]}}]"
  }
},
{
  "model": "admin.logentry",
  "pk": 320,
  "fields": {
    "action_time": "2026-05-11T09:37:36.181Z",
    "user": 1,
    "content_type": 12,
    "object_id": "53",
    "object_repr": "Работа #53 — Базовый квадрат (1x1)",
    "action_flag": 2,
    "change_message": "[{\"changed\": {\"fields\": [\"\\u0424\\u043e\\u0442\\u043e\\u0433\\u0440\\u0430\\u0444\\u0438\\u044f\"]}}]"
  }
},
{
  "model": "admin.logentry",
  "pk": 321,
  "fields": {
    "action_time": "2026-05-11T09:41:02.554Z",
    "user": 1,
    "content_type": 12,
    "object_id": "53",
    "object_repr": "Работа #53 — Базовый квадрат (1x1)",
    "action_flag": 2,
    "change_message": "[{\"changed\": {\"fields\": [\"\\u0424\\u043e\\u0442\\u043e\\u0433\\u0440\\u0430\\u0444\\u0438\\u044f\"]}}]"
  }
},
{
  "model": "admin.logentry",
  "pk": 322,
  "fields": {
    "action_time": "2026-05-11T09:41:26.711Z",
    "user": 1,
    "content_type": 12,
    "object_id": "53",
    "object_repr": "Работа #53 — Базовый квадрат (1x1)",
    "action_flag": 2,
    "change_message": "[{\"changed\": {\"fields\": [\"\\u0424\\u043e\\u0442\\u043e\\u0433\\u0440\\u0430\\u0444\\u0438\\u044f\"]}}]"
  }
},
{
  "model": "admin.logentry",
  "pk": 323,
  "fields": {
    "action_time": "2026-05-11T09:41:55.940Z",
    "user": 1,
    "content_type": 12,
    "object_id": "51",
    "object_repr": "Работа #51 — Портрет 4:5",
    "action_flag": 2,
    "change_message": "[{\"changed\": {\"fields\": [\"\\u0424\\u043e\\u0442\\u043e\\u0433\\u0440\\u0430\\u0444\\u0438\\u044f\"]}}]"
  }
},
{
  "model": "admin.logentry",
  "pk": 324,
  "fields": {
    "action_time": "2026-05-11T09:43:04.772Z",
    "user": 1,
    "content_type": 12,
    "object_id": "51",
    "object_repr": "Работа #51 — Портрет 4:5",
    "action_flag": 2,
    "change_message": "[{\"changed\": {\"fields\": [\"\\u0424\\u043e\\u0442\\u043e\\u0433\\u0440\\u0430\\u0444\\u0438\\u044f\"]}}]"
  }
},
{
  "model": "admin.logentry",
  "pk": 325,
  "fields": {
    "action_time": "2026-05-11T09:43:25.768Z",
    "user": 1,
    "content_type": 12,
    "object_id": "53",
    "object_repr": "Работа #53 — Базовый квадрат (1x1)",
    "action_flag": 2,
    "change_message": "[{\"changed\": {\"fields\": [\"\\u0424\\u043e\\u0442\\u043e\\u0433\\u0440\\u0430\\u0444\\u0438\\u044f\"]}}]"
  }
},
{
  "model": "admin.logentry",
  "pk": 326,
  "fields": {
    "action_time": "2026-05-11T09:43:42.052Z",
    "user": 1,
    "content_type": 12,
    "object_id": "53",
    "object_repr": "Работа #53 — Базовый квадрат (1x1)",
    "action_flag": 2,
    "change_message": "[{\"changed\": {\"fields\": [\"\\u0424\\u043e\\u0442\\u043e\\u0433\\u0440\\u0430\\u0444\\u0438\\u044f\"]}}]"
  }
},
{
  "model": "admin.logentry",
  "pk": 327,
  "fields": {
    "action_time": "2026-05-11T09:44:14.096Z",
    "user": 1,
    "content_type": 12,
    "object_id": "53",
    "object_repr": "Работа #53 — Базовый квадрат (1x1)",
    "action_flag": 2,
    "change_message": "[{\"changed\": {\"fields\": [\"\\u0424\\u043e\\u0442\\u043e\\u0433\\u0440\\u0430\\u0444\\u0438\\u044f\"]}}]"
  }
},
{
  "model": "admin.logentry",
  "pk": 328,
  "fields": {
    "action_time": "2026-05-11T09:44:56.726Z",
    "user": 1,
    "content_type": 12,
    "object_id": "53",
    "object_repr": "Работа #53 — Базовый квадрат (1x1)",
    "action_flag": 2,
    "change_message": "[{\"changed\": {\"fields\": [\"\\u0424\\u043e\\u0442\\u043e\\u0433\\u0440\\u0430\\u0444\\u0438\\u044f\"]}}]"
  }
},
{
  "model": "admin.logentry",
  "pk": 329,
  "fields": {
    "action_time": "2026-05-11T09:45:16.523Z",
    "user": 1,
    "content_type": 12,
    "object_id": "53",
    "object_repr": "Работа #53 — Базовый квадрат (1x1)",
    "action_flag": 2,
    "change_message": "[{\"changed\": {\"fields\": [\"\\u0424\\u043e\\u0442\\u043e\\u0433\\u0440\\u0430\\u0444\\u0438\\u044f\"]}}]"
  }
},
{
  "model": "admin.logentry",
  "pk": 330,
  "fields": {
    "action_time": "2026-05-11T09:45:50.546Z",
    "user": 1,
    "content_type": 12,
    "object_id": "53",
    "object_repr": "Работа #53 — Базовый квадрат (1x1)",
    "action_flag": 2,
    "change_message": "[{\"changed\": {\"fields\": [\"\\u0424\\u043e\\u0442\\u043e\\u0433\\u0440\\u0430\\u0444\\u0438\\u044f\"]}}]"
  }
},
{
  "model": "admin.logentry",
  "pk": 331,
  "fields": {
    "action_time": "2026-05-11T09:47:16.632Z",
    "user": 1,
    "content_type": 12,
    "object_id": "54",
    "object_repr": "Работа #54 — Базовый квадрат (1x1)",
    "action_flag": 1,
    "change_message": "[{\"added\": {}}]"
  }
},
{
  "model": "admin.logentry",
  "pk": 332,
  "fields": {
    "action_time": "2026-05-11T09:48:19.721Z",
    "user": 1,
    "content_type": 12,
    "object_id": "54",
    "object_repr": "Работа #54 — Базовый квадрат (1x1)",
    "action_flag": 2,
    "change_message": "[{\"changed\": {\"fields\": [\"\\u0424\\u043e\\u0442\\u043e\\u0433\\u0440\\u0430\\u0444\\u0438\\u044f\"]}}]"
  }
},
{
  "model": "admin.logentry",
  "pk": 333,
  "fields": {
    "action_time": "2026-05-11T09:50:50.872Z",
    "user": 1,
    "content_type": 12,
    "object_id": "54",
    "object_repr": "Работа #54 — Базовый квадрат (1x1)",
    "action_flag": 2,
    "change_message": "[{\"changed\": {\"fields\": [\"\\u0424\\u043e\\u0442\\u043e\\u0433\\u0440\\u0430\\u0444\\u0438\\u044f\"]}}]"
  }
},
{
  "model": "admin.logentry",
  "pk": 334,
  "fields": {
    "action_time": "2026-05-11T09:51:52.314Z",
    "user": 1,
    "content_type": 12,
    "object_id": "54",
    "object_repr": "Работа #54 — Базовый квадрат (1x1)",
    "action_flag": 2,
    "change_message": "[{\"changed\": {\"fields\": [\"\\u0424\\u043e\\u0442\\u043e\\u0433\\u0440\\u0430\\u0444\\u0438\\u044f\"]}}]"
  }
},
{
  "model": "admin.logentry",
  "pk": 335,
  "fields": {
    "action_time": "2026-05-11T09:52:10.086Z",
    "user": 1,
    "content_type": 12,
    "object_id": "54",
    "object_repr": "Работа #54 — Базовый квадрат (1x1)",
    "action_flag": 2,
    "change_message": "[{\"changed\": {\"fields\": [\"\\u0424\\u043e\\u0442\\u043e\\u0433\\u0440\\u0430\\u0444\\u0438\\u044f\"]}}]"
  }
},
{
  "model": "admin.logentry",
  "pk": 336,
  "fields": {
    "action_time": "2026-05-11T09:52:53.181Z",
    "user": 1,
    "content_type": 12,
    "object_id": "51",
    "object_repr": "Работа #51 — Портрет 4:5",
    "action_flag": 2,
    "change_message": "[{\"changed\": {\"fields\": [\"\\u041f\\u043e\\u043a\\u0430\\u0437\\u044b\\u0432\\u0430\\u0442\\u044c \\u043d\\u0430 \\u0433\\u043b\\u0430\\u0432\\u043d\\u043e\\u0439\"]}}]"
  }
},
{
  "model": "admin.logentry",
  "pk": 337,
  "fields": {
    "action_time": "2026-05-11T09:52:53.190Z",
    "user": 1,
    "content_type": 12,
    "object_id": "54",
    "object_repr": "Работа #54 — Базовый квадрат (1x1)",
    "action_flag": 2,
    "change_message": "[{\"changed\": {\"fields\": [\"\\u041f\\u043e\\u043a\\u0430\\u0437\\u044b\\u0432\\u0430\\u0442\\u044c \\u043d\\u0430 \\u0433\\u043b\\u0430\\u0432\\u043d\\u043e\\u0439\"]}}]"
  }
},
{
  "model": "admin.logentry",
  "pk": 338,
  "fields": {
    "action_time": "2026-05-12T15:47:05.195Z",
    "user": 1,
    "content_type": 8,
    "object_id": "21",
    "object_repr": "Стрижка «Первая линия»",
    "action_flag": 3,
    "change_message": ""
  }
},
{
  "model": "admin.logentry",
  "pk": 339,
  "fields": {
    "action_time": "2026-05-12T15:47:26.229Z",
    "user": 1,
    "content_type": 10,
    "object_id": "5",
    "object_repr": "Сергей — Евгений Белов (2026-05-20 11:00:00)",
    "action_flag": 3,
    "change_message": ""
  }
},
{
  "model": "admin.logentry",
  "pk": 340,
  "fields": {
    "action_time": "2026-05-12T15:47:30.930Z",
    "user": 1,
    "content_type": 9,
    "object_id": "6",
    "object_repr": "Игорь Синяк (Капитан)",
    "action_flag": 3,
    "change_message": ""
  }
},
{
  "model": "admin.logentry",
  "pk": 341,
  "fields": {
    "action_time": "2026-05-12T15:47:30.930Z",
    "user": 1,
    "content_type": 9,
    "object_id": "5",
    "object_repr": "Алексей Рыжиков (Шкипер)",
    "action_flag": 3,
    "change_message": ""
  }
},
{
  "model": "admin.logentry",
  "pk": 342,
  "fields": {
    "action_time": "2026-05-12T15:47:35.803Z",
    "user": 1,
    "content_type": 13,
    "object_id": "4",
    "object_repr": "Евгений Белов | 2026-05-20 11:00:00 | Свободно",
    "action_flag": 3,
    "change_message": ""
  }
},
{
  "model": "admin.logentry",
  "pk": 343,
  "fields": {
    "action_time": "2026-05-12T16:25:59.109Z",
    "user": 1,
    "content_type": 7,
    "object_id": "3",
    "object_repr": "Премиум-классика",
    "action_flag": 3,
    "change_message": ""
  }
},
{
  "model": "admin.logentry",
  "pk": 344,
  "fields": {
    "action_time": "2026-05-12T16:25:59.109Z",
    "user": 1,
    "content_type": 7,
    "object_id": "2",
    "object_repr": "Стрижка бешеная",
    "action_flag": 3,
    "change_message": ""
  }
},
{
  "model": "admin.logentry",
  "pk": 345,
  "fields": {
    "action_time": "2026-05-12T16:25:59.109Z",
    "user": 1,
    "content_type": 7,
    "object_id": "1",
    "object_repr": "Стрижка Крутая",
    "action_flag": 3,
    "change_message": ""
  }
},
{
  "model": "admin.logentry",
  "pk": 346,
  "fields": {
    "action_time": "2026-05-12T16:26:05.339Z",
    "user": 1,
    "content_type": 7,
    "object_id": "4",
    "object_repr": "Стрижки",
    "action_flag": 1,
    "change_message": "[{\"added\": {}}]"
  }
},
{
  "model": "admin.logentry",
  "pk": 347,
  "fields": {
    "action_time": "2026-05-12T16:32:07.383Z",
    "user": 1,
    "content_type": 8,
    "object_id": "22",
    "object_repr": "йцу",
    "action_flag": 1,
    "change_message": "[{\"added\": {}}, {\"added\": {\"name\": \"\\u0412\\u0430\\u0440\\u0438\\u0430\\u043d\\u0442 \\u0443\\u0441\\u043b\\u0443\\u0433\\u0438\", \"object\": \"\\u0439\\u0446\\u0443 \\u2014 \\u041c\\u0430\\u0442\\u0440\\u043e\\u0441\"}}, {\"added\": {\"name\": \"\\u0412\\u0430\\u0440\\u0438\\u0430\\u043d\\u0442 \\u0443\\u0441\\u043b\\u0443\\u0433\\u0438\", \"object\": \"\\u0439\\u0446\\u0443 \\u2014 \\u0428\\u043a\\u0438\\u043f\\u0435\\u0440\"}}, {\"added\": {\"name\": \"\\u0412\\u0430\\u0440\\u0438\\u0430\\u043d\\u0442 \\u0443\\u0441\\u043b\\u0443\\u0433\\u0438\", \"object\": \"\\u0439\\u0446\\u0443 \\u2014 \\u041a\\u0430\\u043f\\u0438\\u0442\\u0430\\u043d\"}}]"
  }
},
{
  "model": "admin.logentry",
  "pk": 348,
  "fields": {
    "action_time": "2026-05-12T16:42:20.243Z",
    "user": 1,
    "content_type": 8,
    "object_id": "22",
    "object_repr": "йцу",
    "action_flag": 3,
    "change_message": ""
  }
},
{
  "model": "admin.logentry",
  "pk": 349,
  "fields": {
    "action_time": "2026-05-12T16:45:49.866Z",
    "user": 1,
    "content_type": 8,
    "object_id": "23",
    "object_repr": "Мужская стрижка",
    "action_flag": 1,
    "change_message": "[{\"added\": {}}, {\"added\": {\"name\": \"\\u0412\\u0430\\u0440\\u0438\\u0430\\u043d\\u0442 \\u0443\\u0441\\u043b\\u0443\\u0433\\u0438\", \"object\": \"\\u041c\\u0443\\u0436\\u0441\\u043a\\u0430\\u044f \\u0441\\u0442\\u0440\\u0438\\u0436\\u043a\\u0430 \\u2014 \\u041c\\u0430\\u0442\\u0440\\u043e\\u0441\"}}, {\"added\": {\"name\": \"\\u0412\\u0430\\u0440\\u0438\\u0430\\u043d\\u0442 \\u0443\\u0441\\u043b\\u0443\\u0433\\u0438\", \"object\": \"\\u041c\\u0443\\u0436\\u0441\\u043a\\u0430\\u044f \\u0441\\u0442\\u0440\\u0438\\u0436\\u043a\\u0430 \\u2014 \\u0428\\u043a\\u0438\\u043f\\u0435\\u0440\"}}, {\"added\": {\"name\": \"\\u0412\\u0430\\u0440\\u0438\\u0430\\u043d\\u0442 \\u0443\\u0441\\u043b\\u0443\\u0433\\u0438\", \"object\": \"\\u041c\\u0443\\u0436\\u0441\\u043a\\u0430\\u044f \\u0441\\u0442\\u0440\\u0438\\u0436\\u043a\\u0430 \\u2014 \\u041a\\u0430\\u043f\\u0438\\u0442\\u0430\\u043d\"}}]"
  }
},
{
  "model": "admin.logentry",
  "pk": 350,
  "fields": {
    "action_time": "2026-05-12T16:46:18.598Z",
    "user": 1,
    "content_type": 11,
    "object_id": "25",
    "object_repr": "Мужская стрижка — Матрос",
    "action_flag": 2,
    "change_message": "[{\"changed\": {\"fields\": [\"\\u041e\\u043f\\u0438\\u0441\\u0430\\u043d\\u0438\\u0435 \\u0434\\u043b\\u044f \\u044d\\u0442\\u043e\\u0433\\u043e \\u0443\\u0440\\u043e\\u0432\\u043d\\u044f\"]}}]"
  }
},
{
  "model": "admin.logentry",
  "pk": 351,
  "fields": {
    "action_time": "2026-05-12T16:46:21.798Z",
    "user": 1,
    "content_type": 11,
    "object_id": "26",
    "object_repr": "Мужская стрижка — Шкипер",
    "action_flag": 2,
    "change_message": "[{\"changed\": {\"fields\": [\"\\u041e\\u043f\\u0438\\u0441\\u0430\\u043d\\u0438\\u0435 \\u0434\\u043b\\u044f \\u044d\\u0442\\u043e\\u0433\\u043e \\u0443\\u0440\\u043e\\u0432\\u043d\\u044f\"]}}]"
  }
},
{
  "model": "admin.logentry",
  "pk": 352,
  "fields": {
    "action_time": "2026-05-12T16:46:43.811Z",
    "user": 1,
    "content_type": 11,
    "object_id": "27",
    "object_repr": "Мужская стрижка — Капитан",
    "action_flag": 2,
    "change_message": "[{\"changed\": {\"fields\": [\"\\u041e\\u043f\\u0438\\u0441\\u0430\\u043d\\u0438\\u0435 \\u0434\\u043b\\u044f \\u044d\\u0442\\u043e\\u0433\\u043e \\u0443\\u0440\\u043e\\u0432\\u043d\\u044f\"]}}]"
  }
},
{
  "model": "admin.logentry",
  "pk": 353,
  "fields": {
    "action_time": "2026-05-12T16:47:09.441Z",
    "user": 1,
    "content_type": 8,
    "object_id": "23",
    "object_repr": "Мужская стрижка",
    "action_flag": 2,
    "change_message": "[{\"changed\": {\"fields\": [\"\\u0424\\u043e\\u0442\\u043e \\u0443\\u0441\\u043b\\u0443\\u0433\\u0438\"]}}]"
  }
},
{
  "model": "admin.logentry",
  "pk": 354,
  "fields": {
    "action_time": "2026-05-12T16:53:29.000Z",
    "user": 1,
    "content_type": 11,
    "object_id": "26",
    "object_repr": "Мужская стрижка — Шкипер",
    "action_flag": 2,
    "change_message": "[{\"changed\": {\"fields\": [\"\\u041e\\u043f\\u0438\\u0441\\u0430\\u043d\\u0438\\u0435 \\u0434\\u043b\\u044f \\u044d\\u0442\\u043e\\u0433\\u043e \\u0443\\u0440\\u043e\\u0432\\u043d\\u044f\"]}}]"
  }
},
{
  "model": "admin.logentry",
  "pk": 355,
  "fields": {
    "action_time": "2026-05-12T16:59:13.888Z",
    "user": 1,
    "content_type": 8,
    "object_id": "24",
    "object_repr": "Контурный переход",
    "action_flag": 1,
    "change_message": "[{\"added\": {}}, {\"added\": {\"name\": \"\\u0412\\u0430\\u0440\\u0438\\u0430\\u043d\\u0442 \\u0443\\u0441\\u043b\\u0443\\u0433\\u0438\", \"object\": \"\\u041a\\u043e\\u043d\\u0442\\u0443\\u0440\\u043d\\u044b\\u0439 \\u043f\\u0435\\u0440\\u0435\\u0445\\u043e\\u0434 \\u2014 \\u041c\\u0430\\u0442\\u0440\\u043e\\u0441\"}}, {\"added\": {\"name\": \"\\u0412\\u0430\\u0440\\u0438\\u0430\\u043d\\u0442 \\u0443\\u0441\\u043b\\u0443\\u0433\\u0438\", \"object\": \"\\u041a\\u043e\\u043d\\u0442\\u0443\\u0440\\u043d\\u044b\\u0439 \\u043f\\u0435\\u0440\\u0435\\u0445\\u043e\\u0434 \\u2014 \\u0428\\u043a\\u0438\\u043f\\u0435\\u0440\"}}, {\"added\": {\"name\": \"\\u0412\\u0430\\u0440\\u0438\\u0430\\u043d\\u0442 \\u0443\\u0441\\u043b\\u0443\\u0433\\u0438\", \"object\": \"\\u041a\\u043e\\u043d\\u0442\\u0443\\u0440\\u043d\\u044b\\u0439 \\u043f\\u0435\\u0440\\u0435\\u0445\\u043e\\u0434 \\u2014 \\u041a\\u0430\\u043f\\u0438\\u0442\\u0430\\u043d\"}}]"
  }
},
{
  "model": "admin.logentry",
  "pk": 356,
  "fields": {
    "action_time": "2026-05-12T16:59:33.229Z",
    "user": 1,
    "content_type": 11,
    "object_id": "28",
    "object_repr": "Контурный переход — Матрос",
    "action_flag": 2,
    "change_message": "[{\"changed\": {\"fields\": [\"\\u041e\\u043f\\u0438\\u0441\\u0430\\u043d\\u0438\\u0435 \\u0434\\u043b\\u044f \\u044d\\u0442\\u043e\\u0433\\u043e \\u0443\\u0440\\u043e\\u0432\\u043d\\u044f\"]}}]"
  }
},
{
  "model": "admin.logentry",
  "pk": 357,
  "fields": {
    "action_time": "2026-05-12T16:59:40.465Z",
    "user": 1,
    "content_type": 11,
    "object_id": "29",
    "object_repr": "Контурный переход — Шкипер",
    "action_flag": 2,
    "change_message": "[{\"changed\": {\"fields\": [\"\\u041e\\u043f\\u0438\\u0441\\u0430\\u043d\\u0438\\u0435 \\u0434\\u043b\\u044f \\u044d\\u0442\\u043e\\u0433\\u043e \\u0443\\u0440\\u043e\\u0432\\u043d\\u044f\"]}}]"
  }
},
{
  "model": "admin.logentry",
  "pk": 358,
  "fields": {
    "action_time": "2026-05-12T16:59:47.849Z",
    "user": 1,
    "content_type": 11,
    "object_id": "30",
    "object_repr": "Контурный переход — Капитан",
    "action_flag": 2,
    "change_message": "[{\"changed\": {\"fields\": [\"\\u041e\\u043f\\u0438\\u0441\\u0430\\u043d\\u0438\\u0435 \\u0434\\u043b\\u044f \\u044d\\u0442\\u043e\\u0433\\u043e \\u0443\\u0440\\u043e\\u0432\\u043d\\u044f\"]}}]"
  }
},
{
  "model": "admin.logentry",
  "pk": 359,
  "fields": {
    "action_time": "2026-05-12T17:03:09.086Z",
    "user": 1,
    "content_type": 8,
    "object_id": "25",
    "object_repr": "Стрижка машинкой",
    "action_flag": 1,
    "change_message": "[{\"added\": {}}, {\"added\": {\"name\": \"\\u0412\\u0430\\u0440\\u0438\\u0430\\u043d\\u0442 \\u0443\\u0441\\u043b\\u0443\\u0433\\u0438\", \"object\": \"\\u0421\\u0442\\u0440\\u0438\\u0436\\u043a\\u0430 \\u043c\\u0430\\u0448\\u0438\\u043d\\u043a\\u043e\\u0439 \\u2014 \\u041c\\u0430\\u0442\\u0440\\u043e\\u0441\"}}, {\"added\": {\"name\": \"\\u0412\\u0430\\u0440\\u0438\\u0430\\u043d\\u0442 \\u0443\\u0441\\u043b\\u0443\\u0433\\u0438\", \"object\": \"\\u0421\\u0442\\u0440\\u0438\\u0436\\u043a\\u0430 \\u043c\\u0430\\u0448\\u0438\\u043d\\u043a\\u043e\\u0439 \\u2014 \\u0428\\u043a\\u0438\\u043f\\u0435\\u0440\"}}, {\"added\": {\"name\": \"\\u0412\\u0430\\u0440\\u0438\\u0430\\u043d\\u0442 \\u0443\\u0441\\u043b\\u0443\\u0433\\u0438\", \"object\": \"\\u0421\\u0442\\u0440\\u0438\\u0436\\u043a\\u0430 \\u043c\\u0430\\u0448\\u0438\\u043d\\u043a\\u043e\\u0439 \\u2014 \\u041a\\u0430\\u043f\\u0438\\u0442\\u0430\\u043d\"}}]"
  }
},
{
  "model": "admin.logentry",
  "pk": 360,
  "fields": {
    "action_time": "2026-05-12T17:03:39.836Z",
    "user": 1,
    "content_type": 11,
    "object_id": "31",
    "object_repr": "Стрижка машинкой — Матрос",
    "action_flag": 2,
    "change_message": "[{\"changed\": {\"fields\": [\"\\u041e\\u043f\\u0438\\u0441\\u0430\\u043d\\u0438\\u0435 \\u0434\\u043b\\u044f \\u044d\\u0442\\u043e\\u0433\\u043e \\u0443\\u0440\\u043e\\u0432\\u043d\\u044f\"]}}]"
  }
},
{
  "model": "admin.logentry",
  "pk": 361,
  "fields": {
    "action_time": "2026-05-12T17:03:44.222Z",
    "user": 1,
    "content_type": 11,
    "object_id": "32",
    "object_repr": "Стрижка машинкой — Шкипер",
    "action_flag": 2,
    "change_message": "[{\"changed\": {\"fields\": [\"\\u041e\\u043f\\u0438\\u0441\\u0430\\u043d\\u0438\\u0435 \\u0434\\u043b\\u044f \\u044d\\u0442\\u043e\\u0433\\u043e \\u0443\\u0440\\u043e\\u0432\\u043d\\u044f\"]}}]"
  }
},
{
  "model": "admin.logentry",
  "pk": 362,
  "fields": {
    "action_time": "2026-05-12T17:05:42.582Z",
    "user": 1,
    "content_type": 11,
    "object_id": "31",
    "object_repr": "Стрижка машинкой — Матрос",
    "action_flag": 2,
    "change_message": "[{\"changed\": {\"fields\": [\"\\u041e\\u043f\\u0438\\u0441\\u0430\\u043d\\u0438\\u0435 \\u0434\\u043b\\u044f \\u044d\\u0442\\u043e\\u0433\\u043e \\u0443\\u0440\\u043e\\u0432\\u043d\\u044f\"]}}]"
  }
},
{
  "model": "admin.logentry",
  "pk": 363,
  "fields": {
    "action_time": "2026-05-12T17:05:48.011Z",
    "user": 1,
    "content_type": 11,
    "object_id": "32",
    "object_repr": "Стрижка машинкой — Шкипер",
    "action_flag": 2,
    "change_message": "[{\"changed\": {\"fields\": [\"\\u041e\\u043f\\u0438\\u0441\\u0430\\u043d\\u0438\\u0435 \\u0434\\u043b\\u044f \\u044d\\u0442\\u043e\\u0433\\u043e \\u0443\\u0440\\u043e\\u0432\\u043d\\u044f\"]}}]"
  }
},
{
  "model": "admin.logentry",
  "pk": 364,
  "fields": {
    "action_time": "2026-05-12T17:05:55.076Z",
    "user": 1,
    "content_type": 11,
    "object_id": "33",
    "object_repr": "Стрижка машинкой — Капитан",
    "action_flag": 2,
    "change_message": "[{\"changed\": {\"fields\": [\"\\u041e\\u043f\\u0438\\u0441\\u0430\\u043d\\u0438\\u0435 \\u0434\\u043b\\u044f \\u044d\\u0442\\u043e\\u0433\\u043e \\u0443\\u0440\\u043e\\u0432\\u043d\\u044f\"]}}]"
  }
},
{
  "model": "admin.logentry",
  "pk": 365,
  "fields": {
    "action_time": "2026-05-12T17:11:50.748Z",
    "user": 1,
    "content_type": 8,
    "object_id": "26",
    "object_repr": "Детская стрижка",
    "action_flag": 1,
    "change_message": "[{\"added\": {}}, {\"added\": {\"name\": \"\\u0412\\u0430\\u0440\\u0438\\u0430\\u043d\\u0442 \\u0443\\u0441\\u043b\\u0443\\u0433\\u0438\", \"object\": \"\\u0414\\u0435\\u0442\\u0441\\u043a\\u0430\\u044f \\u0441\\u0442\\u0440\\u0438\\u0436\\u043a\\u0430 \\u2014 \\u041c\\u0430\\u0442\\u0440\\u043e\\u0441\"}}, {\"added\": {\"name\": \"\\u0412\\u0430\\u0440\\u0438\\u0430\\u043d\\u0442 \\u0443\\u0441\\u043b\\u0443\\u0433\\u0438\", \"object\": \"\\u0414\\u0435\\u0442\\u0441\\u043a\\u0430\\u044f \\u0441\\u0442\\u0440\\u0438\\u0436\\u043a\\u0430 \\u2014 \\u0428\\u043a\\u0438\\u043f\\u0435\\u0440\"}}, {\"added\": {\"name\": \"\\u0412\\u0430\\u0440\\u0438\\u0430\\u043d\\u0442 \\u0443\\u0441\\u043b\\u0443\\u0433\\u0438\", \"object\": \"\\u0414\\u0435\\u0442\\u0441\\u043a\\u0430\\u044f \\u0441\\u0442\\u0440\\u0438\\u0436\\u043a\\u0430 \\u2014 \\u041a\\u0430\\u043f\\u0438\\u0442\\u0430\\u043d\"}}]"
  }
},
{
  "model": "admin.logentry",
  "pk": 366,
  "fields": {
    "action_time": "2026-05-12T17:12:01.943Z",
    "user": 1,
    "content_type": 11,
    "object_id": "34",
    "object_repr": "Детская стрижка — Матрос",
    "action_flag": 2,
    "change_message": "[{\"changed\": {\"fields\": [\"\\u041e\\u043f\\u0438\\u0441\\u0430\\u043d\\u0438\\u0435 \\u0434\\u043b\\u044f \\u044d\\u0442\\u043e\\u0433\\u043e \\u0443\\u0440\\u043e\\u0432\\u043d\\u044f\"]}}]"
  }
},
{
  "model": "admin.logentry",
  "pk": 367,
  "fields": {
    "action_time": "2026-05-12T17:12:12.225Z",
    "user": 1,
    "content_type": 11,
    "object_id": "35",
    "object_repr": "Детская стрижка — Шкипер",
    "action_flag": 2,
    "change_message": "[{\"changed\": {\"fields\": [\"\\u041e\\u043f\\u0438\\u0441\\u0430\\u043d\\u0438\\u0435 \\u0434\\u043b\\u044f \\u044d\\u0442\\u043e\\u0433\\u043e \\u0443\\u0440\\u043e\\u0432\\u043d\\u044f\"]}}]"
  }
},
{
  "model": "admin.logentry",
  "pk": 368,
  "fields": {
    "action_time": "2026-05-12T17:12:16.771Z",
    "user": 1,
    "content_type": 11,
    "object_id": "36",
    "object_repr": "Детская стрижка — Капитан",
    "action_flag": 2,
    "change_message": "[{\"changed\": {\"fields\": [\"\\u041e\\u043f\\u0438\\u0441\\u0430\\u043d\\u0438\\u0435 \\u0434\\u043b\\u044f \\u044d\\u0442\\u043e\\u0433\\u043e \\u0443\\u0440\\u043e\\u0432\\u043d\\u044f\"]}}]"
  }
},
{
  "model": "admin.logentry",
  "pk": 369,
  "fields": {
    "action_time": "2026-05-12T17:14:04.501Z",
    "user": 1,
    "content_type": 7,
    "object_id": "5",
    "object_repr": "Борода и Бритье",
    "action_flag": 1,
    "change_message": "[{\"added\": {}}]"
  }
},
{
  "model": "admin.logentry",
  "pk": 370,
  "fields": {
    "action_time": "2026-05-12T17:15:22.731Z",
    "user": 1,
    "content_type": 8,
    "object_id": "27",
    "object_repr": "Стрижка бороды и усов",
    "action_flag": 1,
    "change_message": "[{\"added\": {}}, {\"added\": {\"name\": \"\\u0412\\u0430\\u0440\\u0438\\u0430\\u043d\\u0442 \\u0443\\u0441\\u043b\\u0443\\u0433\\u0438\", \"object\": \"\\u0421\\u0442\\u0440\\u0438\\u0436\\u043a\\u0430 \\u0431\\u043e\\u0440\\u043e\\u0434\\u044b \\u0438 \\u0443\\u0441\\u043e\\u0432 \\u2014 \\u041c\\u0430\\u0442\\u0440\\u043e\\u0441\"}}, {\"added\": {\"name\": \"\\u0412\\u0430\\u0440\\u0438\\u0430\\u043d\\u0442 \\u0443\\u0441\\u043b\\u0443\\u0433\\u0438\", \"object\": \"\\u0421\\u0442\\u0440\\u0438\\u0436\\u043a\\u0430 \\u0431\\u043e\\u0440\\u043e\\u0434\\u044b \\u0438 \\u0443\\u0441\\u043e\\u0432 \\u2014 \\u0428\\u043a\\u0438\\u043f\\u0435\\u0440\"}}, {\"added\": {\"name\": \"\\u0412\\u0430\\u0440\\u0438\\u0430\\u043d\\u0442 \\u0443\\u0441\\u043b\\u0443\\u0433\\u0438\", \"object\": \"\\u0421\\u0442\\u0440\\u0438\\u0436\\u043a\\u0430 \\u0431\\u043e\\u0440\\u043e\\u0434\\u044b \\u0438 \\u0443\\u0441\\u043e\\u0432 \\u2014 \\u041a\\u0430\\u043f\\u0438\\u0442\\u0430\\u043d\"}}]"
  }
},
{
  "model": "admin.logentry",
  "pk": 371,
  "fields": {
    "action_time": "2026-05-12T17:15:37.425Z",
    "user": 1,
    "content_type": 11,
    "object_id": "37",
    "object_repr": "Стрижка бороды и усов — Матрос",
    "action_flag": 2,
    "change_message": "[{\"changed\": {\"fields\": [\"\\u041e\\u043f\\u0438\\u0441\\u0430\\u043d\\u0438\\u0435 \\u0434\\u043b\\u044f \\u044d\\u0442\\u043e\\u0433\\u043e \\u0443\\u0440\\u043e\\u0432\\u043d\\u044f\"]}}]"
  }
},
{
  "model": "admin.logentry",
  "pk": 372,
  "fields": {
    "action_time": "2026-05-12T17:15:44.931Z",
    "user": 1,
    "content_type": 11,
    "object_id": "38",
    "object_repr": "Стрижка бороды и усов — Шкипер",
    "action_flag": 2,
    "change_message": "[{\"changed\": {\"fields\": [\"\\u041e\\u043f\\u0438\\u0441\\u0430\\u043d\\u0438\\u0435 \\u0434\\u043b\\u044f \\u044d\\u0442\\u043e\\u0433\\u043e \\u0443\\u0440\\u043e\\u0432\\u043d\\u044f\"]}}]"
  }
},
{
  "model": "admin.logentry",
  "pk": 373,
  "fields": {
    "action_time": "2026-05-12T17:15:56.766Z",
    "user": 1,
    "content_type": 11,
    "object_id": "39",
    "object_repr": "Стрижка бороды и усов — Капитан",
    "action_flag": 2,
    "change_message": "[{\"changed\": {\"fields\": [\"\\u041e\\u043f\\u0438\\u0441\\u0430\\u043d\\u0438\\u0435 \\u0434\\u043b\\u044f \\u044d\\u0442\\u043e\\u0433\\u043e \\u0443\\u0440\\u043e\\u0432\\u043d\\u044f\"]}}]"
  }
},
{
  "model": "admin.logentry",
  "pk": 374,
  "fields": {
    "action_time": "2026-05-12T17:19:26.033Z",
    "user": 1,
    "content_type": 8,
    "object_id": "28",
    "object_repr": "Моделирование бороды и усов",
    "action_flag": 1,
    "change_message": "[{\"added\": {}}, {\"added\": {\"name\": \"\\u0412\\u0430\\u0440\\u0438\\u0430\\u043d\\u0442 \\u0443\\u0441\\u043b\\u0443\\u0433\\u0438\", \"object\": \"\\u041c\\u043e\\u0434\\u0435\\u043b\\u0438\\u0440\\u043e\\u0432\\u0430\\u043d\\u0438\\u0435 \\u0431\\u043e\\u0440\\u043e\\u0434\\u044b \\u0438 \\u0443\\u0441\\u043e\\u0432 \\u2014 \\u041c\\u0430\\u0442\\u0440\\u043e\\u0441\"}}, {\"added\": {\"name\": \"\\u0412\\u0430\\u0440\\u0438\\u0430\\u043d\\u0442 \\u0443\\u0441\\u043b\\u0443\\u0433\\u0438\", \"object\": \"\\u041c\\u043e\\u0434\\u0435\\u043b\\u0438\\u0440\\u043e\\u0432\\u0430\\u043d\\u0438\\u0435 \\u0431\\u043e\\u0440\\u043e\\u0434\\u044b \\u0438 \\u0443\\u0441\\u043e\\u0432 \\u2014 \\u0428\\u043a\\u0438\\u043f\\u0435\\u0440\"}}, {\"added\": {\"name\": \"\\u0412\\u0430\\u0440\\u0438\\u0430\\u043d\\u0442 \\u0443\\u0441\\u043b\\u0443\\u0433\\u0438\", \"object\": \"\\u041c\\u043e\\u0434\\u0435\\u043b\\u0438\\u0440\\u043e\\u0432\\u0430\\u043d\\u0438\\u0435 \\u0431\\u043e\\u0440\\u043e\\u0434\\u044b \\u0438 \\u0443\\u0441\\u043e\\u0432 \\u2014 \\u041a\\u0430\\u043f\\u0438\\u0442\\u0430\\u043d\"}}]"
  }
},
{
  "model": "admin.logentry",
  "pk": 375,
  "fields": {
    "action_time": "2026-05-12T17:19:34.329Z",
    "user": 1,
    "content_type": 11,
    "object_id": "40",
    "object_repr": "Моделирование бороды и усов — Матрос",
    "action_flag": 2,
    "change_message": "[{\"changed\": {\"fields\": [\"\\u041e\\u043f\\u0438\\u0441\\u0430\\u043d\\u0438\\u0435 \\u0434\\u043b\\u044f \\u044d\\u0442\\u043e\\u0433\\u043e \\u0443\\u0440\\u043e\\u0432\\u043d\\u044f\"]}}]"
  }
},
{
  "model": "admin.logentry",
  "pk": 376,
  "fields": {
    "action_time": "2026-05-12T17:19:39.386Z",
    "user": 1,
    "content_type": 11,
    "object_id": "41",
    "object_repr": "Моделирование бороды и усов — Шкипер",
    "action_flag": 2,
    "change_message": "[{\"changed\": {\"fields\": [\"\\u041e\\u043f\\u0438\\u0441\\u0430\\u043d\\u0438\\u0435 \\u0434\\u043b\\u044f \\u044d\\u0442\\u043e\\u0433\\u043e \\u0443\\u0440\\u043e\\u0432\\u043d\\u044f\"]}}]"
  }
},
{
  "model": "admin.logentry",
  "pk": 377,
  "fields": {
    "action_time": "2026-05-12T17:19:43.944Z",
    "user": 1,
    "content_type": 11,
    "object_id": "42",
    "object_repr": "Моделирование бороды и усов — Капитан",
    "action_flag": 2,
    "change_message": "[{\"changed\": {\"fields\": [\"\\u041e\\u043f\\u0438\\u0441\\u0430\\u043d\\u0438\\u0435 \\u0434\\u043b\\u044f \\u044d\\u0442\\u043e\\u0433\\u043e \\u0443\\u0440\\u043e\\u0432\\u043d\\u044f\"]}}]"
  }
},
{
  "model": "admin.logentry",
  "pk": 378,
  "fields": {
    "action_time": "2026-05-12T17:20:25.576Z",
    "user": 1,
    "content_type": 8,
    "object_id": "27",
    "object_repr": "Стрижка бороды и усов",
    "action_flag": 2,
    "change_message": "[{\"changed\": {\"fields\": [\"\\u0424\\u043e\\u0442\\u043e \\u0443\\u0441\\u043b\\u0443\\u0433\\u0438\"]}}]"
  }
},
{
  "model": "admin.logentry",
  "pk": 379,
  "fields": {
    "action_time": "2026-05-12T17:25:42.593Z",
    "user": 1,
    "content_type": 8,
    "object_id": "29",
    "object_repr": "Королевское бритье",
    "action_flag": 1,
    "change_message": "[{\"added\": {}}, {\"added\": {\"name\": \"\\u0412\\u0430\\u0440\\u0438\\u0430\\u043d\\u0442 \\u0443\\u0441\\u043b\\u0443\\u0433\\u0438\", \"object\": \"\\u041a\\u043e\\u0440\\u043e\\u043b\\u0435\\u0432\\u0441\\u043a\\u043e\\u0435 \\u0431\\u0440\\u0438\\u0442\\u044c\\u0435 \\u2014 \\u041c\\u0430\\u0442\\u0440\\u043e\\u0441\"}}, {\"added\": {\"name\": \"\\u0412\\u0430\\u0440\\u0438\\u0430\\u043d\\u0442 \\u0443\\u0441\\u043b\\u0443\\u0433\\u0438\", \"object\": \"\\u041a\\u043e\\u0440\\u043e\\u043b\\u0435\\u0432\\u0441\\u043a\\u043e\\u0435 \\u0431\\u0440\\u0438\\u0442\\u044c\\u0435 \\u2014 \\u0428\\u043a\\u0438\\u043f\\u0435\\u0440\"}}, {\"added\": {\"name\": \"\\u0412\\u0430\\u0440\\u0438\\u0430\\u043d\\u0442 \\u0443\\u0441\\u043b\\u0443\\u0433\\u0438\", \"object\": \"\\u041a\\u043e\\u0440\\u043e\\u043b\\u0435\\u0432\\u0441\\u043a\\u043e\\u0435 \\u0431\\u0440\\u0438\\u0442\\u044c\\u0435 \\u2014 \\u041a\\u0430\\u043f\\u0438\\u0442\\u0430\\u043d\"}}]"
  }
},
{
  "model": "admin.logentry",
  "pk": 380,
  "fields": {
    "action_time": "2026-05-12T17:25:55.364Z",
    "user": 1,
    "content_type": 11,
    "object_id": "43",
    "object_repr": "Королевское бритье — Матрос",
    "action_flag": 2,
    "change_message": "[{\"changed\": {\"fields\": [\"\\u041e\\u043f\\u0438\\u0441\\u0430\\u043d\\u0438\\u0435 \\u0434\\u043b\\u044f \\u044d\\u0442\\u043e\\u0433\\u043e \\u0443\\u0440\\u043e\\u0432\\u043d\\u044f\"]}}]"
  }
},
{
  "model": "admin.logentry",
  "pk": 381,
  "fields": {
    "action_time": "2026-05-12T17:26:07.661Z",
    "user": 1,
    "content_type": 11,
    "object_id": "44",
    "object_repr": "Королевское бритье — Шкипер",
    "action_flag": 2,
    "change_message": "[{\"changed\": {\"fields\": [\"\\u041e\\u043f\\u0438\\u0441\\u0430\\u043d\\u0438\\u0435 \\u0434\\u043b\\u044f \\u044d\\u0442\\u043e\\u0433\\u043e \\u0443\\u0440\\u043e\\u0432\\u043d\\u044f\"]}}]"
  }
},
{
  "model": "admin.logentry",
  "pk": 382,
  "fields": {
    "action_time": "2026-05-12T17:26:13.723Z",
    "user": 1,
    "content_type": 11,
    "object_id": "45",
    "object_repr": "Королевское бритье — Капитан",
    "action_flag": 2,
    "change_message": "[{\"changed\": {\"fields\": [\"\\u041e\\u043f\\u0438\\u0441\\u0430\\u043d\\u0438\\u0435 \\u0434\\u043b\\u044f \\u044d\\u0442\\u043e\\u0433\\u043e \\u0443\\u0440\\u043e\\u0432\\u043d\\u044f\"]}}]"
  }
},
{
  "model": "admin.logentry",
  "pk": 383,
  "fields": {
    "action_time": "2026-05-14T08:23:35.502Z",
    "user": 1,
    "content_type": 13,
    "object_id": "5",
    "object_repr": "Евгений Белов | 2026-05-17 12:00:00 | Свободно",
    "action_flag": 1,
    "change_message": "[{\"added\": {}}]"
  }
},
{
  "model": "admin.logentry",
  "pk": 384,
  "fields": {
    "action_time": "2026-05-14T08:23:49.531Z",
    "user": 1,
    "content_type": 13,
    "object_id": "6",
    "object_repr": "Евгений Белов | 2026-05-17 13:00:00 | Свободно",
    "action_flag": 1,
    "change_message": "[{\"added\": {}}]"
  }
},
{
  "model": "admin.logentry",
  "pk": 385,
  "fields": {
    "action_time": "2026-05-14T08:24:03.588Z",
    "user": 1,
    "content_type": 13,
    "object_id": "7",
    "object_repr": "Евгений Белов | 2026-05-17 18:00:00 | Свободно",
    "action_flag": 1,
    "change_message": "[{\"added\": {}}]"
  }
},
{
  "model": "admin.logentry",
  "pk": 386,
  "fields": {
    "action_time": "2026-05-14T08:24:14.817Z",
    "user": 1,
    "content_type": 13,
    "object_id": "8",
    "object_repr": "Евгений Белов | 2026-05-17 15:00:00 | Свободно",
    "action_flag": 1,
    "change_message": "[{\"added\": {}}]"
  }
},
{
  "model": "admin.logentry",
  "pk": 387,
  "fields": {
    "action_time": "2026-05-14T08:24:28.524Z",
    "user": 1,
    "content_type": 13,
    "object_id": "9",
    "object_repr": "Евгений Белов | 2026-05-17 13:30:00 | Свободно",
    "action_flag": 1,
    "change_message": "[{\"added\": {}}]"
  }
},
{
  "model": "admin.logentry",
  "pk": 388,
  "fields": {
    "action_time": "2026-05-14T08:25:05.773Z",
    "user": 1,
    "content_type": 13,
    "object_id": "10",
    "object_repr": "Евгений Белов | 2026-05-17 10:30:00 | Свободно",
    "action_flag": 1,
    "change_message": "[{\"added\": {}}]"
  }
},
{
  "model": "admin.logentry",
  "pk": 389,
  "fields": {
    "action_time": "2026-05-14T08:25:18.024Z",
    "user": 1,
    "content_type": 13,
    "object_id": "11",
    "object_repr": "Евгений Белов | 2026-05-17 10:00:00 | Свободно",
    "action_flag": 1,
    "change_message": "[{\"added\": {}}]"
  }
},
{
  "model": "admin.logentry",
  "pk": 390,
  "fields": {
    "action_time": "2026-05-14T08:25:28.661Z",
    "user": 1,
    "content_type": 13,
    "object_id": "12",
    "object_repr": "Евгений Белов | 2026-05-17 11:30:00 | Свободно",
    "action_flag": 1,
    "change_message": "[{\"added\": {}}]"
  }
},
{
  "model": "admin.logentry",
  "pk": 391,
  "fields": {
    "action_time": "2026-05-14T13:54:04.385Z",
    "user": 1,
    "content_type": 9,
    "object_id": "4",
    "object_repr": "Евгений Белов (Матрос)",
    "action_flag": 3,
    "change_message": ""
  }
},
{
  "model": "admin.logentry",
  "pk": 392,
  "fields": {
    "action_time": "2026-05-14T13:55:45.287Z",
    "user": 1,
    "content_type": 9,
    "object_id": "7",
    "object_repr": "Артём (Шкипер)",
    "action_flag": 1,
    "change_message": "[{\"added\": {}}]"
  }
},
{
  "model": "admin.logentry",
  "pk": 393,
  "fields": {
    "action_time": "2026-05-14T13:56:21.938Z",
    "user": 1,
    "content_type": 9,
    "object_id": "8",
    "object_repr": "Марк (Шкипер)",
    "action_flag": 1,
    "change_message": "[{\"added\": {}}]"
  }
},
{
  "model": "admin.logentry",
  "pk": 394,
  "fields": {
    "action_time": "2026-05-14T13:56:46.260Z",
    "user": 1,
    "content_type": 9,
    "object_id": "9",
    "object_repr": "Денис (Капитан)",
    "action_flag": 1,
    "change_message": "[{\"added\": {}}]"
  }
},
{
  "model": "admin.logentry",
  "pk": 395,
  "fields": {
    "action_time": "2026-05-14T13:57:17.892Z",
    "user": 1,
    "content_type": 9,
    "object_id": "10",
    "object_repr": "Влад (Шкипер)",
    "action_flag": 1,
    "change_message": "[{\"added\": {}}]"
  }
},
{
  "model": "admin.logentry",
  "pk": 396,
  "fields": {
    "action_time": "2026-05-14T13:57:36.682Z",
    "user": 1,
    "content_type": 9,
    "object_id": "11",
    "object_repr": "Ян (Матрос)",
    "action_flag": 1,
    "change_message": "[{\"added\": {}}]"
  }
},
{
  "model": "admin.logentry",
  "pk": 397,
  "fields": {
    "action_time": "2026-05-14T14:00:17.542Z",
    "user": 1,
    "content_type": 13,
    "object_id": "13",
    "object_repr": "Ян | 2026-05-15 10:00:00 | Свободно",
    "action_flag": 1,
    "change_message": "[{\"added\": {}}]"
  }
},
{
  "model": "admin.logentry",
  "pk": 398,
  "fields": {
    "action_time": "2026-05-14T14:00:36.662Z",
    "user": 1,
    "content_type": 13,
    "object_id": "14",
    "object_repr": "Ян | 2026-05-15 10:30:00 | Свободно",
    "action_flag": 1,
    "change_message": "[{\"added\": {}}]"
  }
},
{
  "model": "admin.logentry",
  "pk": 399,
  "fields": {
    "action_time": "2026-05-14T14:01:33.126Z",
    "user": 1,
    "content_type": 13,
    "object_id": "15",
    "object_repr": "Ян | 2026-05-12 17:01:32 | Свободно",
    "action_flag": 1,
    "change_message": "[{\"added\": {}}]"
  }
},
{
  "model": "admin.logentry",
  "pk": 400,
  "fields": {
    "action_time": "2026-05-14T14:02:00.450Z",
    "user": 1,
    "content_type": 13,
    "object_id": "15",
    "object_repr": "Ян | 2026-05-12 17:01:32 | Свободно",
    "action_flag": 3,
    "change_message": ""
  }
},
{
  "model": "admin.logentry",
  "pk": 401,
  "fields": {
    "action_time": "2026-05-14T14:02:33.827Z",
    "user": 1,
    "content_type": 13,
    "object_id": "16",
    "object_repr": "Ян | 2026-05-15 12:00:00 | Свободно",
    "action_flag": 1,
    "change_message": "[{\"added\": {}}]"
  }
},
{
  "model": "admin.logentry",
  "pk": 402,
  "fields": {
    "action_time": "2026-05-14T14:02:43.058Z",
    "user": 1,
    "content_type": 13,
    "object_id": "17",
    "object_repr": "Ян | 2026-05-15 12:30:00 | Свободно",
    "action_flag": 1,
    "change_message": "[{\"added\": {}}]"
  }
},
{
  "model": "admin.logentry",
  "pk": 403,
  "fields": {
    "action_time": "2026-05-14T14:03:12.170Z",
    "user": 1,
    "content_type": 13,
    "object_id": "18",
    "object_repr": "Ян | 2026-05-15 13:30:00 | Свободно",
    "action_flag": 1,
    "change_message": "[{\"added\": {}}]"
  }
},
{
  "model": "admin.logentry",
  "pk": 404,
  "fields": {
    "action_time": "2026-05-14T14:03:22.651Z",
    "user": 1,
    "content_type": 13,
    "object_id": "19",
    "object_repr": "Ян | 2026-05-15 14:30:00 | Свободно",
    "action_flag": 1,
    "change_message": "[{\"added\": {}}]"
  }
},
{
  "model": "admin.logentry",
  "pk": 405,
  "fields": {
    "action_time": "2026-05-14T14:03:27.716Z",
    "user": 1,
    "content_type": 13,
    "object_id": "19",
    "object_repr": "Ян | 2026-05-15 14:30:00 | Свободно",
    "action_flag": 2,
    "change_message": "[]"
  }
},
{
  "model": "admin.logentry",
  "pk": 406,
  "fields": {
    "action_time": "2026-05-14T14:03:43.297Z",
    "user": 1,
    "content_type": 13,
    "object_id": "20",
    "object_repr": "Ян | 2026-05-15 15:00:00 | Свободно",
    "action_flag": 1,
    "change_message": "[{\"added\": {}}]"
  }
},
{
  "model": "admin.logentry",
  "pk": 407,
  "fields": {
    "action_time": "2026-05-14T14:04:38.610Z",
    "user": 1,
    "content_type": 13,
    "object_id": "21",
    "object_repr": "Ян | 2026-05-15 17:00:00 | Свободно",
    "action_flag": 1,
    "change_message": "[{\"added\": {}}]"
  }
},
{
  "model": "admin.logentry",
  "pk": 408,
  "fields": {
    "action_time": "2026-05-14T14:04:49.194Z",
    "user": 1,
    "content_type": 13,
    "object_id": "22",
    "object_repr": "Ян | 2026-05-15 18:00:00 | Свободно",
    "action_flag": 1,
    "change_message": "[{\"added\": {}}]"
  }
},
{
  "model": "admin.logentry",
  "pk": 409,
  "fields": {
    "action_time": "2026-05-14T14:10:58.307Z",
    "user": 1,
    "content_type": 13,
    "object_id": "23",
    "object_repr": "Влад | 2026-05-16 10:00:00 | Свободно",
    "action_flag": 1,
    "change_message": "[{\"added\": {}}]"
  }
},
{
  "model": "admin.logentry",
  "pk": 410,
  "fields": {
    "action_time": "2026-05-14T14:11:11.532Z",
    "user": 1,
    "content_type": 13,
    "object_id": "24",
    "object_repr": "Влад | 2026-05-16 10:30:00 | Свободно",
    "action_flag": 1,
    "change_message": "[{\"added\": {}}]"
  }
},
{
  "model": "admin.logentry",
  "pk": 411,
  "fields": {
    "action_time": "2026-05-14T14:11:20.299Z",
    "user": 1,
    "content_type": 13,
    "object_id": "25",
    "object_repr": "Влад | 2026-05-16 11:00:00 | Свободно",
    "action_flag": 1,
    "change_message": "[{\"added\": {}}]"
  }
},
{
  "model": "admin.logentry",
  "pk": 412,
  "fields": {
    "action_time": "2026-05-14T14:11:45.021Z",
    "user": 1,
    "content_type": 13,
    "object_id": "26",
    "object_repr": "Влад | 2026-05-16 11:30:00 | Свободно",
    "action_flag": 1,
    "change_message": "[{\"added\": {}}]"
  }
},
{
  "model": "admin.logentry",
  "pk": 413,
  "fields": {
    "action_time": "2026-05-14T14:11:50.966Z",
    "user": 1,
    "content_type": 13,
    "object_id": "27",
    "object_repr": "Влад | 2026-05-16 12:00:00 | Свободно",
    "action_flag": 1,
    "change_message": "[{\"added\": {}}]"
  }
},
{
  "model": "admin.logentry",
  "pk": 414,
  "fields": {
    "action_time": "2026-05-14T14:11:58.960Z",
    "user": 1,
    "content_type": 13,
    "object_id": "28",
    "object_repr": "Влад | 2026-05-16 12:30:00 | Свободно",
    "action_flag": 1,
    "change_message": "[{\"added\": {}}]"
  }
},
{
  "model": "admin.logentry",
  "pk": 415,
  "fields": {
    "action_time": "2026-05-14T14:12:09.866Z",
    "user": 1,
    "content_type": 13,
    "object_id": "29",
    "object_repr": "Влад | 2026-05-16 13:00:00 | Свободно",
    "action_flag": 1,
    "change_message": "[{\"added\": {}}]"
  }
},
{
  "model": "admin.logentry",
  "pk": 416,
  "fields": {
    "action_time": "2026-05-14T14:12:18.460Z",
    "user": 1,
    "content_type": 13,
    "object_id": "30",
    "object_repr": "Влад | 2026-05-16 17:00:00 | Свободно",
    "action_flag": 1,
    "change_message": "[{\"added\": {}}]"
  }
},
{
  "model": "admin.logentry",
  "pk": 417,
  "fields": {
    "action_time": "2026-05-14T14:12:26.181Z",
    "user": 1,
    "content_type": 13,
    "object_id": "31",
    "object_repr": "Влад | 2026-05-16 18:00:00 | Свободно",
    "action_flag": 1,
    "change_message": "[{\"added\": {}}]"
  }
},
{
  "model": "admin.logentry",
  "pk": 418,
  "fields": {
    "action_time": "2026-05-14T14:12:31.484Z",
    "user": 1,
    "content_type": 13,
    "object_id": "32",
    "object_repr": "Влад | 2026-05-16 19:00:00 | Свободно",
    "action_flag": 1,
    "change_message": "[{\"added\": {}}]"
  }
},
{
  "model": "admin.logentry",
  "pk": 419,
  "fields": {
    "action_time": "2026-05-14T14:12:57.286Z",
    "user": 1,
    "content_type": 13,
    "object_id": "33",
    "object_repr": "Денис | 2026-05-20 10:00:00 | Свободно",
    "action_flag": 1,
    "change_message": "[{\"added\": {}}]"
  }
},
{
  "model": "admin.logentry",
  "pk": 420,
  "fields": {
    "action_time": "2026-05-14T14:13:05.083Z",
    "user": 1,
    "content_type": 13,
    "object_id": "34",
    "object_repr": "Денис | 2026-05-20 12:00:00 | Свободно",
    "action_flag": 1,
    "change_message": "[{\"added\": {}}]"
  }
},
{
  "model": "admin.logentry",
  "pk": 421,
  "fields": {
    "action_time": "2026-05-14T14:13:12.239Z",
    "user": 1,
    "content_type": 13,
    "object_id": "35",
    "object_repr": "Денис | 2026-05-20 13:00:00 | Свободно",
    "action_flag": 1,
    "change_message": "[{\"added\": {}}]"
  }
},
{
  "model": "admin.logentry",
  "pk": 422,
  "fields": {
    "action_time": "2026-05-14T14:13:19.106Z",
    "user": 1,
    "content_type": 13,
    "object_id": "36",
    "object_repr": "Денис | 2026-05-20 15:30:00 | Свободно",
    "action_flag": 1,
    "change_message": "[{\"added\": {}}]"
  }
},
{
  "model": "admin.logentry",
  "pk": 423,
  "fields": {
    "action_time": "2026-05-14T14:13:27.940Z",
    "user": 1,
    "content_type": 13,
    "object_id": "37",
    "object_repr": "Денис | 2026-05-20 18:00:00 | Свободно",
    "action_flag": 1,
    "change_message": "[{\"added\": {}}]"
  }
},
{
  "model": "admin.logentry",
  "pk": 424,
  "fields": {
    "action_time": "2026-05-14T14:13:35.329Z",
    "user": 1,
    "content_type": 13,
    "object_id": "38",
    "object_repr": "Денис | 2026-05-16 14:00:00 | Свободно",
    "action_flag": 1,
    "change_message": "[{\"added\": {}}]"
  }
},
{
  "model": "admin.logentry",
  "pk": 425,
  "fields": {
    "action_time": "2026-05-14T14:13:57.919Z",
    "user": 1,
    "content_type": 13,
    "object_id": "39",
    "object_repr": "Денис | 2026-05-20 19:00:00 | Свободно",
    "action_flag": 1,
    "change_message": "[{\"added\": {}}]"
  }
},
{
  "model": "admin.logentry",
  "pk": 426,
  "fields": {
    "action_time": "2026-05-14T14:14:03.881Z",
    "user": 1,
    "content_type": 13,
    "object_id": "40",
    "object_repr": "Денис | 2026-05-20 16:30:00 | Свободно",
    "action_flag": 1,
    "change_message": "[{\"added\": {}}]"
  }
},
{
  "model": "admin.logentry",
  "pk": 427,
  "fields": {
    "action_time": "2026-05-14T14:14:28.012Z",
    "user": 1,
    "content_type": 13,
    "object_id": "41",
    "object_repr": "Марк | 2026-05-19 11:00:00 | Свободно",
    "action_flag": 1,
    "change_message": "[{\"added\": {}}]"
  }
},
{
  "model": "admin.logentry",
  "pk": 428,
  "fields": {
    "action_time": "2026-05-14T14:14:38.633Z",
    "user": 1,
    "content_type": 13,
    "object_id": "42",
    "object_repr": "Марк | 2026-05-19 14:30:00 | Свободно",
    "action_flag": 1,
    "change_message": "[{\"added\": {}}]"
  }
},
{
  "model": "admin.logentry",
  "pk": 429,
  "fields": {
    "action_time": "2026-05-14T14:14:44.850Z",
    "user": 1,
    "content_type": 13,
    "object_id": "43",
    "object_repr": "Марк | 2026-05-19 14:00:00 | Свободно",
    "action_flag": 1,
    "change_message": "[{\"added\": {}}]"
  }
},
{
  "model": "admin.logentry",
  "pk": 430,
  "fields": {
    "action_time": "2026-05-14T14:14:53.206Z",
    "user": 1,
    "content_type": 13,
    "object_id": "44",
    "object_repr": "Марк | 2026-05-19 11:30:00 | Свободно",
    "action_flag": 1,
    "change_message": "[{\"added\": {}}]"
  }
},
{
  "model": "admin.logentry",
  "pk": 431,
  "fields": {
    "action_time": "2026-05-14T14:15:02.567Z",
    "user": 1,
    "content_type": 13,
    "object_id": "45",
    "object_repr": "Марк | 2026-05-19 10:30:00 | Свободно",
    "action_flag": 1,
    "change_message": "[{\"added\": {}}]"
  }
},
{
  "model": "admin.logentry",
  "pk": 432,
  "fields": {
    "action_time": "2026-05-14T14:15:09.156Z",
    "user": 1,
    "content_type": 13,
    "object_id": "46",
    "object_repr": "Марк | 2026-05-19 16:30:00 | Свободно",
    "action_flag": 1,
    "change_message": "[{\"added\": {}}]"
  }
},
{
  "model": "admin.logentry",
  "pk": 433,
  "fields": {
    "action_time": "2026-05-14T14:15:16.320Z",
    "user": 1,
    "content_type": 13,
    "object_id": "47",
    "object_repr": "Марк | 2026-05-19 18:00:00 | Свободно",
    "action_flag": 1,
    "change_message": "[{\"added\": {}}]"
  }
},
{
  "model": "admin.logentry",
  "pk": 434,
  "fields": {
    "action_time": "2026-05-14T14:15:29.285Z",
    "user": 1,
    "content_type": 13,
    "object_id": "48",
    "object_repr": "Марк | 2026-05-28 18:30:00 | Свободно",
    "action_flag": 1,
    "change_message": "[{\"added\": {}}]"
  }
},
{
  "model": "admin.logentry",
  "pk": 435,
  "fields": {
    "action_time": "2026-05-14T14:15:39.102Z",
    "user": 1,
    "content_type": 13,
    "object_id": "49",
    "object_repr": "Марк | 2026-05-28 16:30:00 | Свободно",
    "action_flag": 1,
    "change_message": "[{\"added\": {}}]"
  }
},
{
  "model": "admin.logentry",
  "pk": 436,
  "fields": {
    "action_time": "2026-05-14T14:15:50.056Z",
    "user": 1,
    "content_type": 13,
    "object_id": "50",
    "object_repr": "Марк | 2026-05-19 15:00:00 | Свободно",
    "action_flag": 1,
    "change_message": "[{\"added\": {}}]"
  }
},
{
  "model": "admin.logentry",
  "pk": 437,
  "fields": {
    "action_time": "2026-05-14T14:16:00.461Z",
    "user": 1,
    "content_type": 13,
    "object_id": "51",
    "object_repr": "Марк | 2026-05-17 10:30:00 | Свободно",
    "action_flag": 1,
    "change_message": "[{\"added\": {}}]"
  }
},
{
  "model": "admin.logentry",
  "pk": 438,
  "fields": {
    "action_time": "2026-05-14T14:16:32.220Z",
    "user": 1,
    "content_type": 13,
    "object_id": "52",
    "object_repr": "Артём | 2026-05-15 10:30:00 | Свободно",
    "action_flag": 1,
    "change_message": "[{\"added\": {}}]"
  }
},
{
  "model": "admin.logentry",
  "pk": 439,
  "fields": {
    "action_time": "2026-05-14T14:16:40.276Z",
    "user": 1,
    "content_type": 13,
    "object_id": "53",
    "object_repr": "Артём | 2026-05-15 13:30:00 | Свободно",
    "action_flag": 1,
    "change_message": "[{\"added\": {}}]"
  }
},
{
  "model": "admin.logentry",
  "pk": 440,
  "fields": {
    "action_time": "2026-05-14T14:16:46.699Z",
    "user": 1,
    "content_type": 13,
    "object_id": "54",
    "object_repr": "Артём | 2026-05-15 12:00:00 | Свободно",
    "action_flag": 1,
    "change_message": "[{\"added\": {}}]"
  }
},
{
  "model": "admin.logentry",
  "pk": 441,
  "fields": {
    "action_time": "2026-05-14T14:16:54.898Z",
    "user": 1,
    "content_type": 13,
    "object_id": "55",
    "object_repr": "Артём | 2026-05-15 14:00:00 | Свободно",
    "action_flag": 1,
    "change_message": "[{\"added\": {}}]"
  }
},
{
  "model": "admin.logentry",
  "pk": 442,
  "fields": {
    "action_time": "2026-05-14T14:16:59.870Z",
    "user": 1,
    "content_type": 13,
    "object_id": "56",
    "object_repr": "Артём | 2026-05-15 17:30:00 | Свободно",
    "action_flag": 1,
    "change_message": "[{\"added\": {}}]"
  }
},
{
  "model": "admin.logentry",
  "pk": 443,
  "fields": {
    "action_time": "2026-05-14T14:17:07.389Z",
    "user": 1,
    "content_type": 13,
    "object_id": "57",
    "object_repr": "Артём | 2026-05-15 18:30:00 | Свободно",
    "action_flag": 1,
    "change_message": "[{\"added\": {}}]"
  }
},
{
  "model": "admin.logentry",
  "pk": 444,
  "fields": {
    "action_time": "2026-05-14T14:17:12.854Z",
    "user": 1,
    "content_type": 13,
    "object_id": "58",
    "object_repr": "Артём | 2026-05-15 19:00:00 | Свободно",
    "action_flag": 1,
    "change_message": "[{\"added\": {}}]"
  }
},
{
  "model": "admin.logentry",
  "pk": 445,
  "fields": {
    "action_time": "2026-05-14T14:17:19.851Z",
    "user": 1,
    "content_type": 13,
    "object_id": "59",
    "object_repr": "Артём | 2026-05-22 17:30:00 | Свободно",
    "action_flag": 1,
    "change_message": "[{\"added\": {}}]"
  }
},
{
  "model": "admin.logentry",
  "pk": 446,
  "fields": {
    "action_time": "2026-05-14T14:17:36.486Z",
    "user": 1,
    "content_type": 13,
    "object_id": "60",
    "object_repr": "Артём | 2026-05-15 15:30:00 | Свободно",
    "action_flag": 1,
    "change_message": "[{\"added\": {}}]"
  }
},
{
  "model": "admin.logentry",
  "pk": 447,
  "fields": {
    "action_time": "2026-05-14T14:18:29.311Z",
    "user": 1,
    "content_type": 9,
    "object_id": "7",
    "object_repr": "Артём (Шкипер)",
    "action_flag": 2,
    "change_message": "[{\"changed\": {\"fields\": [\"\\u0424\\u043e\\u0442\\u043e\"]}}]"
  }
},
{
  "model": "admin.logentry",
  "pk": 448,
  "fields": {
    "action_time": "2026-05-14T14:20:53.787Z",
    "user": 1,
    "content_type": 10,
    "object_id": "6",
    "object_repr": "Егор — Марк (2026-05-19 14:30:00)",
    "action_flag": 2,
    "change_message": "[{\"changed\": {\"fields\": [\"\\u0421\\u0442\\u0430\\u0442\\u0443\\u0441\"]}}]"
  }
},
{
  "model": "admin.logentry",
  "pk": 449,
  "fields": {
    "action_time": "2026-05-14T14:21:40.697Z",
    "user": 1,
    "content_type": 10,
    "object_id": "6",
    "object_repr": "Егор — Марк (2026-05-19 14:30:00)",
    "action_flag": 2,
    "change_message": "[{\"changed\": {\"fields\": [\"\\u0421\\u0442\\u0430\\u0442\\u0443\\u0441\"]}}]"
  }
},
{
  "model": "sessions.session",
  "pk": "04ew2rfjm1c2lfpgo6orsf1flwi3pmym",
  "fields": {
    "session_data": ".eJxVjDEOwjAMRe-SGUXENKnNyM4ZIsdOSQGlUtNOiLtDpQ6w_vfef5nI61Li2vIcRzVn48zhd0ssj1w3oHeut8nKVJd5THZT7E6bvU6an5fd_Tso3Mq3ZuROyYXEepLkMqA6VE8egzAgMSl5EE2DJwhMFODohi6D4x57EvP-APQdN-s:1wEpou:7TsmdIdfEyib9sgkydScIu7B-bzTCMCwR3rlGmm9JRw",
    "expire_date": "2026-05-04T14:41:52.681Z"
  }
},
{
  "model": "sessions.session",
  "pk": "otxow4vvl0r0mu5qfcrp2toxmjx1wo8l",
  "fields": {
    "session_data": ".eJxVjDEOwjAMRe-SGUXENKnNyM4ZIsdOSQGlUtNOiLtDpQ6w_vfef5nI61Li2vIcRzVn48zhd0ssj1w3oHeut8nKVJd5THZT7E6bvU6an5fd_Tso3Mq3ZuROyYXEepLkMqA6VE8egzAgMSl5EE2DJwhMFODohi6D4x57EvP-APQdN-s:1wK8ZO:6b4BLmJGY4ujyOcbjuJROANVOt8Qdt_VjU7ZEB5EFME",
    "expire_date": "2026-05-19T05:43:46.017Z"
  }
},
{
  "model": "users.customuser",
  "pk": 1,
  "fields": {
    "password": "pbkdf2_sha256$1000000$RvtvkyK1Gg8myBNR4v2Fm5$4R7HpAZV7500b2gTk4OoPHRvvIDlEj6uKVCczu0CkLg=",
    "last_login": "2026-05-05T05:43:46.012Z",
    "is_superuser": true,
    "username": "admin",
    "first_name": "",
    "last_name": "",
    "email": "",
    "is_staff": true,
    "is_active": true,
    "date_joined": "2026-04-19T17:23:38.630Z",
    "phone": "",
    "avatar": "",
    "is_barber": false,
    "groups": [],
    "user_permissions": []
  }
},
{
  "model": "services.category",
  "pk": 4,
  "fields": {
    "name": "Стрижки",
    "slug": "strizhki",
    "icon": ""
  }
},
{
  "model": "services.category",
  "pk": 5,
  "fields": {
    "name": "Борода и Бритье",
    "slug": "boroda-i-brite",
    "icon": ""
  }
},
{
  "model": "services.service",
  "pk": 23,
  "fields": {
    "category": 4,
    "barber": null,
    "name": "Мужская стрижка",
    "slug": "muzhskaya-strizhka",
    "subtitle": "Безупречная форма и персональный стиль для вашего образа.",
    "description": "Стрижка",
    "image": "services/bd2a5d3b525440906c6ec1043755c370.jpg",
    "is_active": true,
    "created_at": "2026-05-12T16:45:49.864Z"
  }
},
{
  "model": "services.service",
  "pk": 24,
  "fields": {
    "category": 4,
    "barber": null,
    "name": "Контурный переход",
    "slug": "konturnyj-perehod",
    "subtitle": "Ювелирная работа с длиной волос для создания идеально плавного силуэта.",
    "description": "Контурный переход",
    "image": "services/b2c177540b252aaa94fda354238c5a59.jpg",
    "is_active": true,
    "created_at": "2026-05-12T16:59:13.879Z"
  }
},
{
  "model": "services.service",
  "pk": 25,
  "fields": {
    "category": 4,
    "barber": null,
    "name": "Стрижка машинкой",
    "slug": "strizhka-mashinkoj",
    "subtitle": "Лаконичный выбор для тех, кто ценит максимальную практичность и короткую длину.",
    "description": "Стрижка машинкой",
    "image": "services/dac8e707f971590835822a6f30fdf66d.jpg",
    "is_active": true,
    "created_at": "2026-05-12T17:03:09.084Z"
  }
},
{
  "model": "services.service",
  "pk": 26,
  "fields": {
    "category": 4,
    "barber": null,
    "name": "Детская стрижка",
    "slug": "detskaya-strizhka",
    "subtitle": "Закладываем основы стиля и мужских традиций с самого детства.",
    "description": "Детская стрижка",
    "image": "services/2bfa5a52738ef87cc59f8262fedab4ab.jpg",
    "is_active": true,
    "created_at": "2026-05-12T17:11:50.745Z"
  }
},
{
  "model": "services.service",
  "pk": 27,
  "fields": {
    "category": 5,
    "barber": null,
    "name": "Стрижка бороды и усов",
    "slug": "strizhka-borody-i-usov",
    "subtitle": "Придаем вашей бороде четкую форму и опрятный вид без лишних компромиссов.",
    "description": "Стрижка бороды и усов",
    "image": "services/5368da011515917a966738b72d79b40d.jpg",
    "is_active": true,
    "created_at": "2026-05-12T17:15:22.729Z"
  }
},
{
  "model": "services.service",
  "pk": 28,
  "fields": {
    "category": 5,
    "barber": null,
    "name": "Моделирование бороды и усов",
    "slug": "modelirovanie-borody-i-usov",
    "subtitle": "Создание персональной архитектуры вашей бороды с элементами классического бритья.",
    "description": "Моделирование бороды и усов",
    "image": "services/XXL_height_1.webp",
    "is_active": true,
    "created_at": "2026-05-12T17:19:26.023Z"
  }
},
{
  "model": "services.service",
  "pk": 29,
  "fields": {
    "category": 5,
    "barber": null,
    "name": "Королевское бритье",
    "slug": "korolevskoe-brite",
    "subtitle": "Статусный ритуал для истинных ценителей гладкости и традиций классического бритья.",
    "description": "Королевское бритье",
    "image": "services/37ff0b571ea56d40db24f6876fa9ea93.jpg",
    "is_active": true,
    "created_at": "2026-05-12T17:25:42.584Z"
  }
},
{
  "model": "services.servicevariant",
  "pk": 25,
  "fields": {
    "service": 23,
    "barber_level": "Матрос",
    "price": "900.00",
    "duration_minutes": 60,
    "description": "Перед началом выполнения услуги барбер выслушает ваши пожелания. В процесс выполнения услуги входит мытьё головы до и после, непосредственно стрижка волос и финишная укладка с использованием стайлинговых средств. Матрос — это мастер, успешно прошедший обучение и идеально владеющий базовым арсеналом техник нашего барбершопа. Он выполнит работу чисто, аккуратно и строго по канону. Это выбор для тех, кто ценит качественный технический результат, проверенную временем классику и демократичный прайс."
  }
},
{
  "model": "services.servicevariant",
  "pk": 26,
  "fields": {
    "service": 23,
    "barber_level": "Шкипер",
    "price": "1200.00",
    "duration_minutes": 60,
    "description": "Перед началом услуги барбер выслушает ваши пожелания. В процесс входит мытьё головы до и после, стрижка и финишная укладка. Шкипер — опытный специалист с твердой рукой. Он проведет детальную консультацию, учитывая анатомию лица и структуру волос. Благодаря широкой практике, Шкипер легко адаптирует сложные техники под ваш стиль и даст точные рекомендации по уходу. Это идеальный баланс между мастерством и индивидуальным подходом для тех, кто ценит уверенность в результате и экспертный взгляд."
  }
},
{
  "model": "services.servicevariant",
  "pk": 27,
  "fields": {
    "service": 23,
    "barber_level": "Капитан",
    "price": "1500.00",
    "duration_minutes": 60,
    "description": "Перед началом выполнения услуги барбер выслушает ваши пожелания. В процесс выполнения услуги входит мытьё головы до и после, непосредственно стрижка волос и финишная укладка с использованием стайлинговых средств. Капитан — эксперт высшей категории и лидер команды. Он создает не просто стрижку, а полноценный имидж, владея авторскими техниками. В услугу входит экспертный подбор стиля, использование премиального ухода и возможность создания медиа-контента. Это выбор для тех, кто требует безупречности в каждой детали и ценит персональное внимание а"
  }
},
{
  "model": "services.servicevariant",
  "pk": 28,
  "fields": {
    "service": 24,
    "barber_level": "Матрос",
    "price": "1000.00",
    "duration_minutes": 70,
    "description": "Перед началом услуги мастер уточнит ваши предпочтения. Процесс включает мытьё головы, создание плавного перехода от кожи и финальную укладку. Матрос — мастер, владеющий базовой техникой сведения длины «на нет». Он выполнит работу аккуратно и дисциплинированно, уделяя внимание чистоте каждой линии. Это отличный выбор для тех, кто ищет качественное исполнение современной техники по доступной цене. Мастер работает в спокойном темпе, чтобы обеспечить максимальную точность результата."
  }
},
{
  "model": "services.servicevariant",
  "pk": 29,
  "fields": {
    "service": 24,
    "barber_level": "Шкипер",
    "price": "1300.00",
    "duration_minutes": 60,
    "description": "Перед началом услуги мастер уточнит ваши предпочтения. Процесс включает мытьё головы, создание плавного перехода и финальную укладку. Шкипер — опытный специалист, который подберет оптимальную высоту перехода, исходя из формы вашей головы и структуры волос. Благодаря уверенной технике, мастер создает безупречный силуэт, который сохраняет опрятность даже спустя время. Это выбор для тех, кто ценит профессиональный взгляд, высокую скорость работы и индивидуальный подход к деталям образа."
  }
},
{
  "model": "services.servicevariant",
  "pk": 30,
  "fields": {
    "service": 24,
    "barber_level": "Капитан",
    "price": "1600.00",
    "duration_minutes": 60,
    "description": "Перед началом услуги мастер уточнит ваши предпочтения. Процесс включает мытьё головы, создание плавного перехода и финальную укладку. Капитан — эксперт высшего класса, создающий эталонную чистоту линий. Его работа отличается филигранной техникой и авторским видением мужского стиля. В стоимость включен премиальный уход, экспертная консультация амбассадора бренда и возможность создания медиа-контента. Выбор тех, кто доверяет свой имидж лидеру экипажа и стремится к совершенству в каждой детали."
  }
},
{
  "model": "services.servicevariant",
  "pk": 31,
  "fields": {
    "service": 25,
    "barber_level": "Матрос",
    "price": "700.00",
    "duration_minutes": 30,
    "description": "Базовая услуга для тех, кто ставит практичность на первое место. Матрос выполнит ровный проход машинкой, используя до двух насадок, и приведет в порядок контуры. Это честная работа без лишних изысков: вы получите предсказуемый и опрятный вид за минимальное время. Идеальный способ освежить образ и чувствовать себя уверенно. Мытьё головы до и после процедуры включено в стоимость, чтобы вы покинули кресло полностью готовым к продолжению дня."
  }
},
{
  "model": "services.servicevariant",
  "pk": 32,
  "fields": {
    "service": 25,
    "barber_level": "Шкипер",
    "price": "900.00",
    "duration_minutes": 30,
    "description": "Опытный взгляд Шкипера позволяет превратить простую стрижку под насадку в выверенную форму. Мастер учитывает рельеф головы и плотность волос, работая уверенно и точно. Шкипер подберет нужную высоту среза так, чтобы стрижка не просто была короткой, но и выигрышно подчеркивала черты лица. Вы получаете крепкую мужскую классику от профессионала, который знает, как заставить даже простую прическу выглядеть дорого и стильно."
  }
},
{
  "model": "services.servicevariant",
  "pk": 33,
  "fields": {
    "service": 25,
    "barber_level": "Капитан",
    "price": "1100.00",
    "duration_minutes": 30,
    "description": "Высший пилотаж в работе с машинкой. Капитан превращает утилитарную стрижку в эталон мужского стиля. Здесь важна безукоризненная чистота каждой линии и плотность тушевки. Мастер использует свой многолетний опыт, чтобы форма оставалась монолитной и сохраняла вид максимально долго. В стоимость входит консультация лидера экипажа по уходу за кожей головы и возможность съемки процесса. Это выбор тех, кто не признает компромиссов даже в самых лаконичных решениях."
  }
},
{
  "model": "services.servicevariant",
  "pk": 34,
  "fields": {
    "service": 26,
    "barber_level": "Матрос",
    "price": "800.00",
    "duration_minutes": 60,
    "description": "Мы принимаем юных джентльменов от 5 до 11 лет. Матрос — это молодой и терпеливый мастер, который аккуратно выполнит базовую стрижку, прислушиваясь к пожеланиям родителей и самого ребенка. Процесс проходит в спокойном темпе, чтобы гость привык к креслу и инструментам. В услугу входит бережное мытье головы и легкая укладка. Это отличный способ получить качественный результат без лишнего стресса и по доступной цене. Первая ступень в формировании правильного имиджа будущего мужчины."
  }
},
{
  "model": "services.servicevariant",
  "pk": 35,
  "fields": {
    "service": 26,
    "barber_level": "Шкипер",
    "price": "1000.00",
    "duration_minutes": 50,
    "description": "Шкипер знает, как усмирить даже самые непослушные вихры и найти общий язык с ребенком. Благодаря солидному опыту, мастер работает быстро и уверенно, что особенно важно для активных детей. Он предложит стрижку, которая будет не только модной, но и удобной: она сохранит форму в движении и не потребует сложной укладки по утрам. Это профессиональный подход к детскому стилю, где учитываются черты лица и структура волос для создания по-настоящему гармоничного и взрослого образа."
  }
},
{
  "model": "services.servicevariant",
  "pk": 36,
  "fields": {
    "service": 26,
    "barber_level": "Капитан",
    "price": "1200.00",
    "duration_minutes": 50,
    "description": "Эксклюзивный сервис для тех, кто ценит мастерство высшего ранга. Капитан — лидер команды, способный реализовать даже самую сложную и трендовую задумку. Он работает с ювелирной точностью, создавая образы, достойные обложек журналов. В стоимость включен премиальный уход и возможность сделать качественные фото или видео процесса. Выбор родителей, которые доверяют амбассадору бренда создание безупречного стиля для своего наследника и хотят превратить обычный визит в барбершоп в яркое событие."
  }
},
{
  "model": "services.servicevariant",
  "pk": 37,
  "fields": {
    "service": 27,
    "barber_level": "Матрос",
    "price": "600.00",
    "duration_minutes": 40,
    "description": "Базовая коррекция для тех, кто ценит опрятность. Матрос поможет убрать лишнюю длину и освежить контуры вашей бороды и усов с помощью машинок и триммеров. Мастер работает аккуратно, строго следуя вашим пожеланиям и стандартам чистоты нашего барбершопа. В услугу входит консультация и использование профессионального масла или бальзама для фиксации результата. Это надежный и быстрый способ вернуть лицу ухоженный вид по самому доступному прайсу в нашем экипаже."
  }
},
{
  "model": "services.servicevariant",
  "pk": 38,
  "fields": {
    "service": 27,
    "barber_level": "Шкипер",
    "price": "800.00",
    "duration_minutes": 30,
    "description": "Шкипер смотрит на бороду как на важную часть вашего силуэта. Мастер не просто состригает лишнее, а выстраивает гармоничную форму, исходя из особенностей роста волос и геометрии лица. Благодаря уверенному владению инструментом, работа проходит быстрее, а линии становятся более четкими и выразительными. Шкипер подберет правильную косметику и даст практичные советы, как поддерживать форму в домашних условиях. Оптимальный выбор для тех, кто ценит твердую руку и профессиональный взгляд."
  }
},
{
  "model": "services.servicevariant",
  "pk": 39,
  "fields": {
    "service": 27,
    "barber_level": "Капитан",
    "price": "1000.00",
    "duration_minutes": 30,
    "description": "Высшая экспертиза в оформлении бороды. Капитан создает эталонный контур, доводя каждую линию до идеала. Мастер использует свой колоссальный опыт, чтобы скрыть недостатки и подчеркнуть волевые черты лица, создавая по-настоящему статусный образ. В стоимость включен уход премиальными средствами и персональные рекомендации от лидера команды. Выбор тех, кто не согласен на меньшее, чем безупречный результат, и ценит индивидуальный подход амбассадора бренда к каждой детали имиджа."
  }
},
{
  "model": "services.servicevariant",
  "pk": 40,
  "fields": {
    "service": 28,
    "barber_level": "Матрос",
    "price": "800.00",
    "duration_minutes": 50,
    "description": "Процедура включает в себя построение формы бороды и работу опасной бритвой для чистоты контуров. Матрос — это мастер, который дисциплинированно выполнит все этапы: от стрижки триммером до деликатного удаления волос на щеках и шее. Это отличный выбор, чтобы впервые попробовать ритуал моделирования и получить опрятный, свежий вид. Мастер работает без спешки, уделяя внимание каждому движению, чтобы результат соответствовал стандартам нашего экипажа, а ваша борода обрела четкие и правильные границы."
  }
},
{
  "model": "services.servicevariant",
  "pk": 41,
  "fields": {
    "service": 28,
    "barber_level": "Шкипер",
    "price": "1000.00",
    "duration_minutes": 45,
    "description": "Шкипер обладает «насмотренностью», позволяющей подобрать форму бороды, которая визуально скорректирует черты лица и подчеркнет его мужественность. Услуга включает распаривание, работу опасной бритвой и точную проработку усов. Мастер уверенно владеет клинком, создавая острые линии контура, которые будут отрастать максимально аккуратно. Это профессиональный подход для тех, кто ищет баланс между классическим ритуалом бритья и современным стилем. Вы получите не просто уход, а выверенный навигационный план вашего имиджа."
  }
},
{
  "model": "services.servicevariant",
  "pk": 42,
  "fields": {
    "service": 28,
    "barber_level": "Капитан",
    "price": "1200.00",
    "duration_minutes": 45,
    "description": "Высший ранг в искусстве владения бритвой и формой. Капитан создает эксклюзивную архитектуру бороды, превращая услугу в настоящий ритуал. Мастер использует премиальные средства для подготовки кожи и финишного ухода, добиваясь безупречной гладкости контуров. В стоимость входит экспертная консультация по коррекции овала лица с помощью бороды и возможность съемки процесса. Это выбор тех, кто доверяет свой стиль лидеру команды и хочет получить результат, подчеркивающий статус и волевой характер владельца."
  }
},
{
  "model": "services.servicevariant",
  "pk": 43,
  "fields": {
    "service": 29,
    "barber_level": "Матрос",
    "price": "1000.00",
    "duration_minutes": 50,
    "description": "Классический ритуал, включающий очищение, распаривание кожи горячим полотенцем и бритье опасной бритвой. Матрос — это мастер, строго соблюдающий технологию подготовки кожи и технику владения клинком. Он проведет процедуру бережно и аккуратно, обеспечивая чистоту бритья и комфорт на каждом этапе. Это отличная возможность познакомиться с традицией «королевского» ухода по доступной цене. В завершение мастер нанесет успокаивающий бальзам, чтобы кожа оставалась мягкой и без раздражений."
  }
},
{
  "model": "services.servicevariant",
  "pk": 44,
  "fields": {
    "service": 29,
    "barber_level": "Шкипер",
    "price": "1300.00",
    "duration_minutes": 40,
    "description": "Шкипер превращает бритье в уверенную и техничную процедуру. Мастер мастерски подготавливает кожу, используя профессиональные средства, чтобы лезвие шло максимально плавно. Благодаря наработанному опыту, Шкипер чувствует нажим и угол наклона бритвы, обеспечивая идеальную гладкость даже в самых сложных зонах. Это выбор для тех, кто ценит твердую руку профессионала и хочет получить максимум комфорта от классического ритуала. Завершающий холодный компресс и одеколон поставят эффектную точку в вашем образе."
  }
},
{
  "model": "services.servicevariant",
  "pk": 45,
  "fields": {
    "service": 29,
    "barber_level": "Капитан",
    "price": "1600.00",
    "duration_minutes": 40,
    "description": "Высший уровень мастерства и полное погружение в атмосферу классического барберинга. Капитан проводит ритуал с использованием премиальной косметики, уделяя внимание микроциркуляции и тонусу вашей кожи. Это не просто бритье, а сеанс релаксации, где каждое движение отточено годами практики. В стоимость входит экспертный подбор средств для домашнего ухода и возможность создания медиа-контента. Выбор тех, кто привык к сервису исключительного качества и доверяет свой комфорт лидеру экипажа Van Blade."
  }
},
{
  "model": "barbers.barber",
  "pk": 7,
  "fields": {
    "user": null,
    "display_name": "Артём",
    "level": "Шкипер",
    "experience_months": 17,
    "avatar": "barbers/7phfsMk6Vh15_e_imSN3RNDIT_1LLjeTTFK1lU1ayxVykax3lwP_qqOEgP8x4BTVD0VfEovqwQjREykpr4jIiObn.jpg",
    "bio": "",
    "is_available": true
  }
},
{
  "model": "barbers.barber",
  "pk": 8,
  "fields": {
    "user": null,
    "display_name": "Марк",
    "level": "Шкипер",
    "experience_months": 26,
    "avatar": "barbers/ctaEXHEOmaIUlRWedpWT7GH0mrNrCJ4VbxYCvgbMr8LknOyRtotL1K9LzX3ea13Ca91wb2FQKBmwy2uw_RX5QXxz.jpg",
    "bio": "",
    "is_available": true
  }
},
{
  "model": "barbers.barber",
  "pk": 9,
  "fields": {
    "user": null,
    "display_name": "Денис",
    "level": "Капитан",
    "experience_months": 58,
    "avatar": "barbers/yq7TmINtrCK5bzMx9p5J6w28Z2fpOF-qKvafH8rq0cE6DzSM3652KF7rs3Frjuhfx6HMMs-LPkkf1CAc_89iEMlC.jpg",
    "bio": "",
    "is_available": true
  }
},
{
  "model": "barbers.barber",
  "pk": 10,
  "fields": {
    "user": null,
    "display_name": "Влад",
    "level": "Шкипер",
    "experience_months": 21,
    "avatar": "barbers/_YkHt3hpA58dirWRcPiTARVKPk09y943ktKJ11UrRHNB_78ndWSErDRhmdfNa-vPO6tlwnFnFslYgNx3_B6QNJhP.jpg",
    "bio": "",
    "is_available": true
  }
},
{
  "model": "barbers.barber",
  "pk": 11,
  "fields": {
    "user": null,
    "display_name": "Ян",
    "level": "Матрос",
    "experience_months": 8,
    "avatar": "barbers/GHUAhydNXzipJBADEldBHZU_lyTAaAQkG7JE8_Oz9FxRaSdjB_-MPptght0TE9HOR_wyu6myI7ZTure8_eM95F4t.jpg",
    "bio": "",
    "is_available": true
  }
},
{
  "model": "barbers.timeslot",
  "pk": 13,
  "fields": {
    "barber": 11,
    "date": "2026-05-15",
    "time": "10:00:00",
    "is_booked": false
  }
},
{
  "model": "barbers.timeslot",
  "pk": 14,
  "fields": {
    "barber": 11,
    "date": "2026-05-15",
    "time": "10:30:00",
    "is_booked": false
  }
},
{
  "model": "barbers.timeslot",
  "pk": 16,
  "fields": {
    "barber": 11,
    "date": "2026-05-15",
    "time": "12:00:00",
    "is_booked": false
  }
},
{
  "model": "barbers.timeslot",
  "pk": 17,
  "fields": {
    "barber": 11,
    "date": "2026-05-15",
    "time": "12:30:00",
    "is_booked": false
  }
},
{
  "model": "barbers.timeslot",
  "pk": 18,
  "fields": {
    "barber": 11,
    "date": "2026-05-15",
    "time": "13:30:00",
    "is_booked": false
  }
},
{
  "model": "barbers.timeslot",
  "pk": 19,
  "fields": {
    "barber": 11,
    "date": "2026-05-15",
    "time": "14:30:00",
    "is_booked": false
  }
},
{
  "model": "barbers.timeslot",
  "pk": 20,
  "fields": {
    "barber": 11,
    "date": "2026-05-15",
    "time": "15:00:00",
    "is_booked": false
  }
},
{
  "model": "barbers.timeslot",
  "pk": 21,
  "fields": {
    "barber": 11,
    "date": "2026-05-15",
    "time": "17:00:00",
    "is_booked": false
  }
},
{
  "model": "barbers.timeslot",
  "pk": 22,
  "fields": {
    "barber": 11,
    "date": "2026-05-15",
    "time": "18:00:00",
    "is_booked": false
  }
},
{
  "model": "barbers.timeslot",
  "pk": 23,
  "fields": {
    "barber": 10,
    "date": "2026-05-16",
    "time": "10:00:00",
    "is_booked": false
  }
},
{
  "model": "barbers.timeslot",
  "pk": 24,
  "fields": {
    "barber": 10,
    "date": "2026-05-16",
    "time": "10:30:00",
    "is_booked": false
  }
},
{
  "model": "barbers.timeslot",
  "pk": 25,
  "fields": {
    "barber": 10,
    "date": "2026-05-16",
    "time": "11:00:00",
    "is_booked": false
  }
},
{
  "model": "barbers.timeslot",
  "pk": 26,
  "fields": {
    "barber": 10,
    "date": "2026-05-16",
    "time": "11:30:00",
    "is_booked": false
  }
},
{
  "model": "barbers.timeslot",
  "pk": 27,
  "fields": {
    "barber": 10,
    "date": "2026-05-16",
    "time": "12:00:00",
    "is_booked": false
  }
},
{
  "model": "barbers.timeslot",
  "pk": 28,
  "fields": {
    "barber": 10,
    "date": "2026-05-16",
    "time": "12:30:00",
    "is_booked": false
  }
},
{
  "model": "barbers.timeslot",
  "pk": 29,
  "fields": {
    "barber": 10,
    "date": "2026-05-16",
    "time": "13:00:00",
    "is_booked": false
  }
},
{
  "model": "barbers.timeslot",
  "pk": 30,
  "fields": {
    "barber": 10,
    "date": "2026-05-16",
    "time": "17:00:00",
    "is_booked": false
  }
},
{
  "model": "barbers.timeslot",
  "pk": 31,
  "fields": {
    "barber": 10,
    "date": "2026-05-16",
    "time": "18:00:00",
    "is_booked": false
  }
},
{
  "model": "barbers.timeslot",
  "pk": 32,
  "fields": {
    "barber": 10,
    "date": "2026-05-16",
    "time": "19:00:00",
    "is_booked": false
  }
},
{
  "model": "barbers.timeslot",
  "pk": 33,
  "fields": {
    "barber": 9,
    "date": "2026-05-20",
    "time": "10:00:00",
    "is_booked": false
  }
},
{
  "model": "barbers.timeslot",
  "pk": 34,
  "fields": {
    "barber": 9,
    "date": "2026-05-20",
    "time": "12:00:00",
    "is_booked": false
  }
},
{
  "model": "barbers.timeslot",
  "pk": 35,
  "fields": {
    "barber": 9,
    "date": "2026-05-20",
    "time": "13:00:00",
    "is_booked": false
  }
},
{
  "model": "barbers.timeslot",
  "pk": 36,
  "fields": {
    "barber": 9,
    "date": "2026-05-20",
    "time": "15:30:00",
    "is_booked": false
  }
},
{
  "model": "barbers.timeslot",
  "pk": 37,
  "fields": {
    "barber": 9,
    "date": "2026-05-20",
    "time": "18:00:00",
    "is_booked": false
  }
},
{
  "model": "barbers.timeslot",
  "pk": 38,
  "fields": {
    "barber": 9,
    "date": "2026-05-16",
    "time": "14:00:00",
    "is_booked": false
  }
},
{
  "model": "barbers.timeslot",
  "pk": 39,
  "fields": {
    "barber": 9,
    "date": "2026-05-20",
    "time": "19:00:00",
    "is_booked": false
  }
},
{
  "model": "barbers.timeslot",
  "pk": 40,
  "fields": {
    "barber": 9,
    "date": "2026-05-20",
    "time": "16:30:00",
    "is_booked": false
  }
},
{
  "model": "barbers.timeslot",
  "pk": 41,
  "fields": {
    "barber": 8,
    "date": "2026-05-19",
    "time": "11:00:00",
    "is_booked": false
  }
},
{
  "model": "barbers.timeslot",
  "pk": 42,
  "fields": {
    "barber": 8,
    "date": "2026-05-19",
    "time": "14:30:00",
    "is_booked": true
  }
},
{
  "model": "barbers.timeslot",
  "pk": 43,
  "fields": {
    "barber": 8,
    "date": "2026-05-19",
    "time": "14:00:00",
    "is_booked": false
  }
},
{
  "model": "barbers.timeslot",
  "pk": 44,
  "fields": {
    "barber": 8,
    "date": "2026-05-19",
    "time": "11:30:00",
    "is_booked": false
  }
},
{
  "model": "barbers.timeslot",
  "pk": 45,
  "fields": {
    "barber": 8,
    "date": "2026-05-19",
    "time": "10:30:00",
    "is_booked": false
  }
},
{
  "model": "barbers.timeslot",
  "pk": 46,
  "fields": {
    "barber": 8,
    "date": "2026-05-19",
    "time": "16:30:00",
    "is_booked": false
  }
},
{
  "model": "barbers.timeslot",
  "pk": 47,
  "fields": {
    "barber": 8,
    "date": "2026-05-19",
    "time": "18:00:00",
    "is_booked": false
  }
},
{
  "model": "barbers.timeslot",
  "pk": 48,
  "fields": {
    "barber": 8,
    "date": "2026-05-28",
    "time": "18:30:00",
    "is_booked": false
  }
},
{
  "model": "barbers.timeslot",
  "pk": 49,
  "fields": {
    "barber": 8,
    "date": "2026-05-28",
    "time": "16:30:00",
    "is_booked": false
  }
},
{
  "model": "barbers.timeslot",
  "pk": 50,
  "fields": {
    "barber": 8,
    "date": "2026-05-19",
    "time": "15:00:00",
    "is_booked": false
  }
},
{
  "model": "barbers.timeslot",
  "pk": 51,
  "fields": {
    "barber": 8,
    "date": "2026-05-17",
    "time": "10:30:00",
    "is_booked": false
  }
},
{
  "model": "barbers.timeslot",
  "pk": 52,
  "fields": {
    "barber": 7,
    "date": "2026-05-15",
    "time": "10:30:00",
    "is_booked": false
  }
},
{
  "model": "barbers.timeslot",
  "pk": 53,
  "fields": {
    "barber": 7,
    "date": "2026-05-15",
    "time": "13:30:00",
    "is_booked": false
  }
},
{
  "model": "barbers.timeslot",
  "pk": 54,
  "fields": {
    "barber": 7,
    "date": "2026-05-15",
    "time": "12:00:00",
    "is_booked": false
  }
},
{
  "model": "barbers.timeslot",
  "pk": 55,
  "fields": {
    "barber": 7,
    "date": "2026-05-15",
    "time": "14:00:00",
    "is_booked": false
  }
},
{
  "model": "barbers.timeslot",
  "pk": 56,
  "fields": {
    "barber": 7,
    "date": "2026-05-15",
    "time": "17:30:00",
    "is_booked": false
  }
},
{
  "model": "barbers.timeslot",
  "pk": 57,
  "fields": {
    "barber": 7,
    "date": "2026-05-15",
    "time": "18:30:00",
    "is_booked": false
  }
},
{
  "model": "barbers.timeslot",
  "pk": 58,
  "fields": {
    "barber": 7,
    "date": "2026-05-15",
    "time": "19:00:00",
    "is_booked": false
  }
},
{
  "model": "barbers.timeslot",
  "pk": 59,
  "fields": {
    "barber": 7,
    "date": "2026-05-22",
    "time": "17:30:00",
    "is_booked": false
  }
},
{
  "model": "barbers.timeslot",
  "pk": 60,
  "fields": {
    "barber": 7,
    "date": "2026-05-15",
    "time": "15:30:00",
    "is_booked": false
  }
},
{
  "model": "bookings.appointment",
  "pk": 6,
  "fields": {
    "client": null,
    "client_name": "Егор",
    "barber": 8,
    "date": "2026-05-19",
    "time_slot": "14:30:00",
    "total_price": "1800.00",
    "status": "completed",
    "phone": "+7 (889) 878-97-88",
    "comment": "Надеюсь вы меня встретите как брата",
    "created_at": "2026-05-14T14:20:23.111Z",
    "services": [
      26,
      24
    ]
  }
},
{
  "model": "gallery.work",
  "pk": 29,
  "fields": {
    "image": "gallery/wqeqweq_wnp64dM.jpg",
    "image_type": "square",
    "show_on_home": true,
    "order": 1,
    "created_at": "2026-05-11T07:26:16.638Z"
  }
},
{
  "model": "gallery.work",
  "pk": 33,
  "fields": {
    "image": "gallery/420171302_7056130449_RU70xzZ.jpg",
    "image_type": "vertical",
    "show_on_home": false,
    "order": 2,
    "created_at": "2026-05-11T07:39:11.698Z"
  }
},
{
  "model": "gallery.work",
  "pk": 36,
  "fields": {
    "image": "gallery/f112dcb01cd9f83a34331a6e927c062f_ryHs9sb.jpg",
    "image_type": "portrait",
    "show_on_home": true,
    "order": 4,
    "created_at": "2026-05-11T08:07:40.789Z"
  }
},
{
  "model": "gallery.work",
  "pk": 38,
  "fields": {
    "image": "gallery/a1cfb54eb3279d02805ad1eca3c546d9_GUlKBbe.jpg",
    "image_type": "portrait",
    "show_on_home": true,
    "order": 4,
    "created_at": "2026-05-11T08:17:17.700Z"
  }
},
{
  "model": "gallery.work",
  "pk": 39,
  "fields": {
    "image": "gallery/da9b350b1d0da74f18d4d9134b17452a_nsAJbph.jpg",
    "image_type": "portrait",
    "show_on_home": true,
    "order": 5,
    "created_at": "2026-05-11T08:18:09.925Z"
  }
},
{
  "model": "gallery.work",
  "pk": 40,
  "fields": {
    "image": "gallery/23de6c4ecc1f8ebed50192978fd311f7.jpg",
    "image_type": "square",
    "show_on_home": true,
    "order": 7,
    "created_at": "2026-05-11T08:24:25.879Z"
  }
},
{
  "model": "gallery.work",
  "pk": 42,
  "fields": {
    "image": "gallery/AirBrush_20200520163_lamsFmK.jpg",
    "image_type": "square",
    "show_on_home": true,
    "order": 6,
    "created_at": "2026-05-11T08:31:05.915Z"
  }
},
{
  "model": "gallery.work",
  "pk": 44,
  "fields": {
    "image": "gallery/orig-_2_.jpg",
    "image_type": "horizontal",
    "show_on_home": false,
    "order": 8,
    "created_at": "2026-05-11T08:40:35.219Z"
  }
},
{
  "model": "gallery.work",
  "pk": 46,
  "fields": {
    "image": "gallery/i-_1__6QdYNYi.jpg",
    "image_type": "portrait",
    "show_on_home": true,
    "order": 11,
    "created_at": "2026-05-11T08:55:43.006Z"
  }
},
{
  "model": "gallery.work",
  "pk": 49,
  "fields": {
    "image": "gallery/i-_4__lXGv5YI.jpg",
    "image_type": "portrait",
    "show_on_home": true,
    "order": 9,
    "created_at": "2026-05-11T09:04:13.542Z"
  }
},
{
  "model": "gallery.work",
  "pk": 50,
  "fields": {
    "image": "gallery/XXL.jpg",
    "image_type": "square",
    "show_on_home": false,
    "order": 10,
    "created_at": "2026-05-11T09:14:11.610Z"
  }
},
{
  "model": "gallery.work",
  "pk": 51,
  "fields": {
    "image": "gallery/i_3_hrNDlKW.jpg",
    "image_type": "portrait",
    "show_on_home": true,
    "order": 13,
    "created_at": "2026-05-11T09:16:31.592Z"
  }
},
{
  "model": "gallery.work",
  "pk": 52,
  "fields": {
    "image": "gallery/5df294c30389d347d1e717f71c51ea47_bRo2QzA.jpg",
    "image_type": "square",
    "show_on_home": false,
    "order": 12,
    "created_at": "2026-05-11T09:21:29.065Z"
  }
},
{
  "model": "gallery.work",
  "pk": 53,
  "fields": {
    "image": "gallery/1022ed60fc20559111c279797ade840d.jpg",
    "image_type": "square",
    "show_on_home": false,
    "order": 15,
    "created_at": "2026-05-11T09:28:26.361Z"
  }
},
{
  "model": "gallery.work",
  "pk": 54,
  "fields": {
    "image": "gallery/e2ab574466cd1b811799d26b82c50e06_CKlfBt8.jpg",
    "image_type": "square",
    "show_on_home": true,
    "order": 16,
    "created_at": "2026-05-11T09:47:16.630Z"
  }
}
]
